EmployeeID,Age,Gender,MonthlyIncome,Department,JobRole,DistanceFromHome_KM,YearsAtCompany,JobSatisfaction,WorkLifeBalance,EnvironmentSatisfaction,TrainingTimesLastYear,OverTime,MaritalStatus,Attrition
EMP4000,52,Male,24790.0,,Manufacturing Director,3,6.0,3.0,3,3,4,No,Married,No
EMP4001,44,Female,42809.0,Sales,Manufacturing Director,26,0.0,3.0,1,1,2,No,Divorced,No
EMP4002,21,Male,78744.0,Sales,Manager,2,4.0,1.0,3,3,5,Yes,Married,No
EMP4003,30,Male,42630.0,Research & Development,HR Executive,28,3.0,1.0,1,1,2,No,Single,Yes
EMP4004,39,Male,73020.0,Sales,HR Executive,7,0.0,3.0,4,4,5,No,Married,No
EMP4005,46,Male,45977.0,Research & Development,Manufacturing Director,20,4.0,2.0,3,3,3,No,Married,No
EMP4006,49,Male,70868.0,Research & Development,Laboratory Technician,26,4.0,2.0,2,2,0,No,Married,No
EMP4007,41,Male,64440.0,Sales,Research Scientist,6,8.0,3.0,1,2,5,No,Single,No
EMP4008,47,Male,49538.0,Sales,Manufacturing Director,27,6.0,3.0,3,1,0,No,Divorced,No
EMP4009,34,Male,70247.0,,Laboratory Technician,13,14.0,3.0,2,1,5,No,Divorced,No
EMP4010,33,Male,12000.0,Research & Development,Manager,15,3.0,3.0,2,4,0,No,Married,No
EMP4011,27,Female,31115.0,Research & Development,Manager,11,5.0,4.0,1,1,5,Yes,Single,Yes
EMP4012,46,Male,44800.0,Research & Development,HR Executive,29,6.0,1.0,2,1,2,No,Married,No
EMP4013,46,Female,80799.0,Sales,Manufacturing Director,20,8.0,4.0,3,1,0,No,Married,No
EMP4014,56,Female,23184.0,Human Resources,Laboratory Technician,11,3.0,2.0,1,2,1,No,Single,Yes
EMP4015,40,Male,54237.0,Research & Development,Laboratory Technician,3,1.0,4.0,4,3,1,Yes,Married,No
EMP4016,44,Male,61984.0,Research & Development,Manufacturing Director,26,3.0,3.0,2,2,3,No,Married,No
EMP4017,48,Male,60446.0,,Research Scientist,19,0.0,2.0,3,4,1,No,Single,No
EMP4018,54,Male,52831.0,Sales,Manager,4,0.0,1.0,1,3,4,Yes,Single,Yes
EMP4019,40,Male,41347.0,Research & Development,Manager,14,6.0,1.0,1,4,5,No,Single,No
EMP4020,49,Male,49573.0,Research & Development,Laboratory Technician,8,7.0,3.0,4,2,1,Yes,Single,No
EMP4021,52,Female,76445.0,Sales,Manager,8,5.0,3.0,4,3,0,No,Married,No
EMP4022,43,Female,39857.0,Sales,HR Executive,14,2.0,1.0,2,1,0,Yes,Divorced,Yes
EMP4023,41,Male,12000.0,Research & Development,Research Scientist,2,0.0,4.0,4,2,4,No,Single,No
EMP4024,46,Male,65256.0,Research & Development,Research Scientist,8,2.0,2.0,4,4,4,No,Married,No
EMP4025,52,Female,87909.0,Human Resources,Laboratory Technician,2,5.0,4.0,2,2,5,No,Single,No
EMP4026,42,Female,31873.0,Research & Development,Manufacturing Director,28,2.0,,4,2,0,No,Married,No
EMP4027,41,Female,84937.0,Research & Development,Laboratory Technician,26,1.0,3.0,4,3,3,No,Single,No
EMP4028,28,Female,66455.0,Sales,Laboratory Technician,5,4.0,4.0,2,2,1,No,Married,No
EMP4029,58,Male,29560.0,Research & Development,Laboratory Technician,17,6.0,4.0,2,4,0,No,Divorced,No
EMP4030,22,Female,39518.0,Research & Development,HR Executive,7,6.0,1.0,2,2,2,No,Divorced,Yes
EMP4031,54,Male,38554.0,Human Resources,Sales Executive,16,3.0,2.0,1,4,0,Yes,Married,Yes
EMP4032,35,Female,58719.0,Research & Development,Manager,14,3.0,3.0,4,3,0,No,Single,No
EMP4033,30,Female,51012.0,Research & Development,Manager,1,1.0,3.0,3,4,4,Yes,Married,No
EMP4034,29,Female,79322.0,Sales,Research Scientist,24,2.0,3.0,1,3,1,Yes,Married,Yes
EMP4035,49,Female,73686.0,Research & Development,Research Scientist,23,8.0,1.0,3,3,2,No,Married,No
EMP4036,31,Male,21004.0,Research & Development,HR Executive,2,4.0,4.0,4,3,5,No,Divorced,No
EMP4037,25,Male,23783.0,Sales,Sales Executive,7,13.0,3.0,4,1,3,Yes,Married,No
EMP4038,38,Male,68514.0,Research & Development,Research Scientist,4,11.0,4.0,4,1,0,No,Divorced,No
EMP4039,56,Male,43660.0,Research & Development,Laboratory Technician,12,3.0,2.0,2,4,0,Yes,Divorced,No
EMP4040,54,Male,51153.0,Research & Development,Sales Executive,13,11.0,3.0,4,3,2,Yes,Divorced,No
EMP4041,33,Female,67024.0,Research & Development,Sales Executive,19,1.0,2.0,4,1,5,No,Single,No
EMP4042,45,Male,,Research & Development,Manager,19,1.0,3.0,2,3,0,No,Single,No
EMP4043,39,Male,27866.0,Sales,Manager,4,4.0,2.0,4,2,5,No,Married,No
EMP4044,35,Female,12000.0,Research & Development,Manufacturing Director,14,3.0,4.0,4,2,2,No,Married,No
EMP4045,20,Male,52511.0,Research & Development,Manager,24,7.0,3.0,1,4,3,No,Single,No
EMP4046,26,Male,,Sales,Sales Executive,26,1.0,2.0,3,3,3,No,Single,No
EMP4047,54,Male,56458.0,Research & Development,Manager,25,11.0,3.0,3,3,2,No,Married,No
EMP4048,58,Female,53051.0,Research & Development,Sales Executive,9,4.0,1.0,4,3,1,No,Single,No
EMP4049,57,Male,,Sales,Sales Executive,16,2.0,4.0,2,1,2,Yes,Married,No
EMP4050,58,Male,100911.0,Sales,Research Scientist,5,0.0,2.0,2,4,4,No,Divorced,No
EMP4051,38,Female,55374.0,Research & Development,Sales Executive,11,13.0,4.0,1,3,1,No,Single,No
EMP4052,22,Male,42377.0,Human Resources,Manufacturing Director,9,3.0,4.0,2,2,4,No,Single,No
EMP4053,27,Female,57232.0,Sales,Manager,8,2.0,2.0,2,4,5,No,Married,Yes
EMP4054,51,Male,66657.0,Human Resources,Manager,26,3.0,3.0,4,3,3,No,Married,No
EMP4055,47,Female,41084.0,Sales,Sales Executive,21,1.0,2.0,4,2,2,No,Married,No
EMP4056,59,Male,106046.0,Research & Development,Sales Executive,25,13.0,1.0,3,4,4,Yes,Married,No
EMP4057,31,Male,21503.0,Research & Development,Sales Executive,10,6.0,2.0,3,3,0,Yes,Married,Yes
EMP4058,35,Male,23033.0,Research & Development,Manager,12,0.0,4.0,3,1,4,No,Single,Yes
EMP4059,58,Male,19815.0,Research & Development,HR Executive,24,0.0,2.0,3,2,4,Yes,Married,No
EMP4060,56,Male,55086.0,Sales,Manager,2,14.0,4.0,4,3,2,Yes,Divorced,No
EMP4061,32,Male,65405.0,Research & Development,Research Scientist,22,2.0,3.0,1,2,5,Yes,Divorced,No
EMP4062,58,Male,47730.0,Human Resources,Research Scientist,20,37.0,2.0,2,3,2,No,Married,No
EMP4063,43,Male,65339.0,Sales,Laboratory Technician,11,1.0,3.0,3,1,1,No,Married,No
EMP4064,59,Male,65044.0,Research & Development,Laboratory Technician,28,15.0,4.0,3,4,1,No,Divorced,No
EMP4065,21,Female,47063.0,Human Resources,Sales Executive,7,2.0,1.0,4,3,4,No,Married,No
EMP4066,43,Male,64403.0,Research & Development,Laboratory Technician,10,1.0,4.0,2,1,5,No,Married,No
EMP4067,59,Male,50678.0,Human Resources,Research Scientist,11,6.0,3.0,4,2,5,No,Single,No
EMP4068,58,Female,46001.0,Human Resources,Research Scientist,11,2.0,4.0,1,2,5,No,Married,No
EMP4069,43,Male,44033.0,Sales,Manufacturing Director,10,3.0,4.0,4,3,0,Yes,Married,No
EMP4070,21,Male,60127.0,Research & Development,Sales Executive,14,3.0,4.0,3,2,4,No,Married,No
EMP4071,59,Male,81791.0,Research & Development,HR Executive,28,7.0,1.0,1,4,4,No,Single,Yes
EMP4072,26,Female,28489.0,Research & Development,Sales Executive,15,4.0,,1,1,1,No,Married,No
EMP4073,32,Male,,Research & Development,Research Scientist,19,3.0,,4,1,2,Yes,Married,No
EMP4074,55,Female,58579.0,Sales,Manufacturing Director,20,0.0,2.0,3,1,0,No,Single,No
EMP4075,41,Female,93651.0,Research & Development,Research Scientist,20,5.0,2.0,4,3,4,Yes,Married,No
EMP4076,30,Male,64497.0,Research & Development,Sales Executive,10,3.0,3.0,4,4,3,No,Single,No
EMP4077,20,Female,37120.0,Research & Development,Laboratory Technician,9,4.0,2.0,1,2,1,No,Married,No
EMP4078,27,Female,34674.0,Research & Development,Research Scientist,11,12.0,3.0,4,4,1,No,Married,No
EMP4079,50,Female,76672.0,Research & Development,Manager,11,2.0,2.0,3,2,1,No,Married,No
EMP4080,48,Male,48100.0,Research & Development,Manager,24,3.0,2.0,1,2,3,Yes,Divorced,No
EMP4081,26,Male,27920.0,,Manager,14,2.0,1.0,2,3,3,No,Married,No
EMP4082,56,Female,77304.0,Research & Development,Sales Executive,28,3.0,4.0,2,1,3,Yes,Married,No
EMP4083,37,Male,61780.0,Research & Development,Research Scientist,29,4.0,1.0,3,4,1,No,Single,No
EMP4084,47,Female,28729.0,Research & Development,Sales Executive,20,5.0,1.0,2,4,4,Yes,Married,Yes
EMP4085,46,Female,25513.0,Research & Development,Manufacturing Director,20,0.0,1.0,2,4,3,Yes,Married,No
EMP4086,24,Male,12000.0,Human Resources,Sales Executive,4,3.0,2.0,3,4,1,Yes,Married,No
EMP4087,23,Female,41308.0,,Manufacturing Director,5,5.0,1.0,3,4,0,Yes,Married,No
EMP4088,44,Female,61701.0,Research & Development,Manufacturing Director,21,5.0,4.0,2,2,5,Yes,Married,No
EMP4089,51,Female,76132.0,Sales,Manager,29,6.0,3.0,1,1,4,Yes,Married,Yes
EMP4090,57,Female,64349.0,Research & Development,HR Executive,24,1.0,2.0,1,3,1,No,Married,No
EMP4091,52,Male,26294.0,,Manufacturing Director,8,3.0,,4,2,1,Yes,Married,Yes
EMP4092,43,Female,48758.0,Research & Development,Manufacturing Director,20,2.0,3.0,2,4,5,No,Married,No
EMP4093,41,Female,86446.0,Research & Development,Research Scientist,19,4.0,1.0,1,4,4,No,Married,No
EMP4094,36,Male,43734.0,Research & Development,HR Executive,2,5.0,2.0,2,4,0,No,Married,No
EMP4095,44,Male,71915.0,Sales,Research Scientist,26,21.0,3.0,1,4,0,No,Divorced,No
EMP4096,58,Female,69198.0,Human Resources,Sales Executive,11,10.0,4.0,1,4,3,Yes,Married,No
EMP4097,23,Male,71716.0,Sales,Research Scientist,18,2.0,3.0,1,2,4,Yes,Married,No
EMP4098,39,Female,64486.0,Sales,Manufacturing Director,10,3.0,2.0,4,3,0,Yes,Married,Yes
EMP4099,37,Female,71648.0,Sales,Sales Executive,27,8.0,,2,2,0,No,Married,No
EMP4100,32,Female,22406.0,Human Resources,Manager,14,0.0,3.0,1,3,3,No,Married,No
EMP4101,53,Female,88337.0,Research & Development,Sales Executive,25,0.0,3.0,3,3,1,No,Married,No
EMP4102,41,Male,15255.0,Research & Development,Laboratory Technician,28,3.0,2.0,4,1,3,No,Single,Yes
EMP4103,23,Male,61860.0,Research & Development,Manufacturing Director,2,0.0,4.0,2,3,2,No,Married,No
EMP4104,47,Female,,Sales,Manufacturing Director,13,5.0,2.0,1,3,5,Yes,Married,No
EMP4105,59,Female,41236.0,Sales,Manufacturing Director,20,0.0,1.0,2,3,4,No,Married,No
EMP4106,27,Male,33546.0,Sales,Manufacturing Director,25,1.0,2.0,3,1,0,Yes,Single,Yes
EMP4107,39,Male,67094.0,Research & Development,Manager,21,0.0,4.0,4,2,0,No,Married,No
EMP4108,29,Female,72629.0,Sales,Sales Executive,20,6.0,1.0,1,1,2,No,Married,No
EMP4109,20,Male,52732.0,Research & Development,Manager,11,4.0,2.0,3,1,4,No,Married,No
EMP4110,37,Male,48637.0,Research & Development,Laboratory Technician,5,0.0,1.0,1,3,2,No,Married,No
EMP4111,33,Female,83191.0,Research & Development,Research Scientist,27,8.0,4.0,3,4,1,No,Single,No
EMP4112,56,Female,45722.0,Research & Development,HR Executive,2,0.0,2.0,1,2,0,No,Single,No
EMP4113,40,Female,54072.0,Sales,Sales Executive,24,10.0,1.0,2,2,5,No,Married,No
EMP4114,45,Male,50521.0,Research & Development,Sales Executive,2,1.0,3.0,2,2,5,No,Single,No
EMP4115,58,Male,109357.0,Sales,Laboratory Technician,11,5.0,,4,4,1,No,Single,No
EMP4116,41,Male,36521.0,Human Resources,Research Scientist,25,4.0,1.0,1,4,2,No,Married,No
EMP4117,48,Female,,Human Resources,HR Executive,7,4.0,4.0,1,4,0,Yes,Single,No
EMP4118,41,Male,17614.0,Sales,HR Executive,8,1.0,2.0,3,1,2,No,Married,No
EMP4119,43,Male,33926.0,Sales,HR Executive,7,3.0,1.0,1,4,4,Yes,Married,No
EMP4120,28,Male,48197.0,Sales,Sales Executive,20,7.0,1.0,1,1,3,No,Single,No
EMP4121,58,Female,52119.0,Sales,Manager,7,7.0,2.0,2,2,1,Yes,Single,No
EMP4122,32,Male,48963.0,Sales,Manufacturing Director,21,1.0,1.0,1,2,2,No,Single,No
EMP4123,31,Female,,Sales,Manufacturing Director,18,3.0,1.0,3,3,3,No,Single,No
EMP4124,33,Female,39841.0,,Sales Executive,26,3.0,1.0,1,2,3,Yes,Married,Yes
EMP4125,35,Female,83327.0,Sales,Research Scientist,19,2.0,1.0,1,3,4,No,Married,No
EMP4126,34,Male,32991.0,Research & Development,Research Scientist,12,15.0,4.0,1,4,2,No,Married,No
EMP4127,50,Female,71378.0,Sales,Research Scientist,5,0.0,2.0,4,1,4,Yes,Married,No
EMP4128,48,Male,69908.0,Research & Development,Manufacturing Director,13,2.0,4.0,3,4,1,No,Single,No
EMP4129,43,Male,34148.0,Research & Development,Sales Executive,16,6.0,3.0,2,2,1,No,Divorced,No
EMP4130,31,Male,46926.0,Research & Development,Manager,28,11.0,1.0,3,3,5,Yes,Married,No
EMP4131,28,Female,54945.0,Sales,Manufacturing Director,8,18.0,2.0,3,2,1,No,Single,No
EMP4132,47,Male,91859.0,Human Resources,HR Executive,12,7.0,1.0,2,1,4,No,Married,No
EMP4133,50,Female,46878.0,Research & Development,Laboratory Technician,27,1.0,,1,1,1,No,Divorced,No
EMP4134,36,Female,134720.0,Sales,Manager,27,8.0,4.0,2,1,0,No,Married,No
EMP4135,30,Male,71893.0,Research & Development,Laboratory Technician,25,4.0,2.0,4,2,2,No,Single,No
EMP4136,38,Female,62557.0,Sales,HR Executive,6,1.0,1.0,3,1,0,Yes,Single,No
EMP4137,42,Male,74453.0,Research & Development,Manufacturing Director,4,1.0,1.0,2,2,4,No,Married,No
EMP4138,22,Female,17191.0,Research & Development,Manager,11,2.0,1.0,4,2,5,Yes,Divorced,No
EMP4139,54,Male,80781.0,Research & Development,Laboratory Technician,8,2.0,1.0,1,4,3,No,Single,No
EMP4140,48,Male,25898.0,Research & Development,Manufacturing Director,10,8.0,4.0,1,3,5,No,Single,No
EMP4141,31,Female,74133.0,Research & Development,Laboratory Technician,28,6.0,3.0,1,4,5,No,Single,No
EMP4142,53,Male,41964.0,Sales,Sales Executive,16,6.0,4.0,1,1,5,Yes,Single,No
EMP4143,50,Male,37416.0,Research & Development,Research Scientist,9,9.0,1.0,2,3,4,No,Single,No
EMP4144,40,Male,93995.0,Research & Development,Manager,22,8.0,3.0,1,2,2,No,Married,No
EMP4145,54,Female,52808.0,Research & Development,Laboratory Technician,24,2.0,4.0,2,4,3,Yes,Single,No
EMP4146,28,Male,21317.0,Research & Development,Manufacturing Director,13,2.0,4.0,1,4,1,No,Married,No
EMP4147,32,Male,76445.0,Research & Development,HR Executive,2,6.0,3.0,1,1,3,Yes,Married,No
EMP4148,59,Female,28146.0,Human Resources,Manager,14,9.0,4.0,3,3,4,Yes,Married,No
EMP4149,27,Female,,Sales,Manufacturing Director,12,7.0,4.0,3,3,2,Yes,Divorced,No
EMP4150,54,Female,54643.0,Human Resources,HR Executive,6,6.0,2.0,4,2,2,No,Married,No
EMP4151,54,Male,26976.0,Sales,Research Scientist,18,2.0,2.0,2,2,2,No,Single,No
EMP4152,35,Male,73069.0,Research & Development,HR Executive,22,3.0,1.0,4,1,0,No,Married,No
EMP4153,38,Female,66466.0,Research & Development,HR Executive,12,1.0,1.0,2,2,1,No,Married,No
EMP4154,57,Male,12000.0,,Manufacturing Director,12,5.0,2.0,2,3,0,No,Married,No
EMP4155,32,Female,53605.0,Research & Development,Sales Executive,23,1.0,1.0,1,3,1,No,Married,Yes
EMP4156,34,Male,61575.0,Research & Development,Sales Executive,6,10.0,4.0,2,4,0,No,Married,No
EMP4157,20,Male,60292.0,Research & Development,HR Executive,29,0.0,2.0,2,4,5,No,Married,No
EMP4158,34,Female,50936.0,Research & Development,Manufacturing Director,13,0.0,2.0,3,3,4,No,Divorced,No
EMP4159,27,Male,71390.0,Sales,Research Scientist,15,6.0,4.0,4,2,4,Yes,Married,No
EMP4160,28,Male,67517.0,Research & Development,Manufacturing Director,18,2.0,1.0,1,2,3,No,Married,No
EMP4161,40,Female,55685.0,Research & Development,Sales Executive,14,2.0,3.0,2,3,0,No,Divorced,No
EMP4162,50,Female,49800.0,Research & Development,HR Executive,2,5.0,3.0,1,2,0,No,Married,No
EMP4163,53,Male,58259.0,Sales,Laboratory Technician,21,4.0,4.0,4,1,1,No,Single,No
EMP4164,34,Male,41719.0,Sales,Manager,26,2.0,2.0,3,2,4,No,Married,No
EMP4165,40,Female,32505.0,Sales,Manufacturing Director,22,3.0,4.0,1,3,4,No,Married,Yes
EMP4166,23,Female,30276.0,Research & Development,Manager,20,1.0,3.0,4,1,4,No,Divorced,No
EMP4167,31,Male,52800.0,Research & Development,Research Scientist,2,1.0,2.0,1,1,3,No,Divorced,No
EMP4168,32,Male,36130.0,Sales,Manufacturing Director,23,4.0,3.0,4,2,2,No,Married,No
EMP4169,57,Male,51506.0,Research & Development,Research Scientist,13,6.0,2.0,4,2,0,No,Married,No
EMP4170,53,Male,84262.0,Sales,Manager,9,6.0,3.0,3,4,1,No,Single,No
EMP4171,34,Female,50445.0,Human Resources,Research Scientist,15,4.0,2.0,3,2,4,No,Married,No
EMP4172,26,Female,58040.0,Research & Development,Manufacturing Director,7,6.0,2.0,1,1,3,No,Single,No
EMP4173,26,Female,49968.0,Sales,Manufacturing Director,9,3.0,3.0,3,1,4,Yes,Divorced,No
EMP4174,40,Female,83743.0,Sales,Laboratory Technician,24,9.0,4.0,1,3,5,No,Single,No
EMP4175,57,Female,91471.0,Research & Development,Laboratory Technician,23,4.0,3.0,2,3,1,No,Married,No
EMP4176,43,Female,44670.0,Research & Development,Laboratory Technician,17,8.0,2.0,3,1,3,Yes,Married,No
EMP4177,35,Female,71012.0,Research & Development,Manufacturing Director,26,6.0,1.0,4,3,4,No,Married,No
EMP4178,53,Male,101005.0,Research & Development,Manager,5,9.0,4.0,4,4,4,Yes,Married,No
EMP4179,39,Male,29466.0,Research & Development,Sales Executive,25,0.0,,4,4,5,No,Single,No
EMP4180,28,Female,76567.0,Human Resources,HR Executive,14,1.0,1.0,4,4,5,Yes,Married,No
EMP4181,53,Female,16704.0,Research & Development,Laboratory Technician,19,9.0,4.0,1,4,3,No,Married,No
EMP4182,56,Female,55652.0,Sales,Sales Executive,25,5.0,3.0,3,4,5,No,Married,No
EMP4183,31,Male,51918.0,Research & Development,Laboratory Technician,24,8.0,4.0,1,2,4,No,Single,No
EMP4184,59,Male,17446.0,Research & Development,Sales Executive,29,0.0,3.0,4,3,1,No,Married,No
EMP4185,41,Male,78963.0,Sales,Research Scientist,7,3.0,1.0,4,4,0,No,Married,No
EMP4186,29,Male,58248.0,Research & Development,HR Executive,5,1.0,,2,4,5,No,Single,No
EMP4187,54,Male,34600.0,Research & Development,Laboratory Technician,1,0.0,,1,2,3,No,Married,No
EMP4188,25,Female,62229.0,Research & Development,Laboratory Technician,20,5.0,1.0,4,2,3,Yes,Divorced,No
EMP4189,30,Male,74884.0,Human Resources,Laboratory Technician,15,2.0,3.0,2,2,4,No,Single,No
EMP4190,34,Female,16087.0,Research & Development,Manufacturing Director,20,10.0,4.0,4,4,0,No,Single,No
EMP4191,55,Male,12000.0,Sales,Research Scientist,12,2.0,1.0,1,4,2,No,Married,No
EMP4192,57,Male,54076.0,Research & Development,Manufacturing Director,11,6.0,3.0,2,4,4,Yes,Married,No
EMP4193,27,Male,38098.0,Research & Development,Laboratory Technician,26,0.0,2.0,2,4,2,No,Married,No
EMP4194,20,Female,84447.0,Research & Development,Laboratory Technician,6,1.0,2.0,1,1,4,Yes,Married,No
EMP4195,54,Male,46851.0,Sales,Manager,23,0.0,1.0,2,2,3,Yes,Married,No
EMP4196,41,Male,61808.0,Research & Development,HR Executive,4,5.0,2.0,4,2,2,No,Divorced,No
EMP4197,35,Female,50886.0,Research & Development,Laboratory Technician,12,4.0,1.0,1,4,4,Yes,Married,No
EMP4198,20,Female,,Research & Development,Manager,2,16.0,2.0,2,1,2,No,Married,No
EMP4199,41,Male,55671.0,Sales,Laboratory Technician,1,1.0,3.0,1,4,4,No,Divorced,No
EMP4200,25,Female,25824.0,Human Resources,HR Executive,2,3.0,,3,4,0,No,Single,No
EMP4201,42,Female,24747.0,Sales,Manufacturing Director,8,1.0,4.0,2,1,4,No,Single,No
EMP4202,26,Female,30853.0,Research & Development,Manufacturing Director,28,5.0,3.0,3,2,4,No,Divorced,No
EMP4203,28,Female,28923.0,Research & Development,Manager,11,3.0,4.0,3,3,4,No,Married,No
EMP4204,25,Male,50370.0,Human Resources,Research Scientist,18,3.0,3.0,3,3,1,No,Married,No
EMP4205,26,Female,46376.0,Research & Development,Manager,20,2.0,1.0,3,2,5,No,Single,No
EMP4206,48,Female,61251.0,Research & Development,Manager,26,9.0,3.0,4,2,3,No,Married,No
EMP4207,48,Male,20368.0,Sales,Research Scientist,27,1.0,3.0,3,1,3,No,Married,No
EMP4208,38,Female,49463.0,Research & Development,Manufacturing Director,2,5.0,2.0,4,1,1,Yes,Married,No
EMP4209,53,Male,44411.0,Research & Development,HR Executive,7,1.0,1.0,1,3,2,No,Single,No
EMP4210,58,Male,59431.0,Research & Development,Laboratory Technician,23,1.0,1.0,1,1,2,Yes,Single,Yes
EMP4211,25,Male,60486.0,Human Resources,Sales Executive,23,1.0,1.0,2,4,1,No,Divorced,No
EMP4212,29,Male,58438.0,Research & Development,HR Executive,29,1.0,2.0,1,1,1,Yes,Married,Yes
EMP4213,50,Male,33214.0,Research & Development,Research Scientist,22,2.0,4.0,4,4,0,No,Married,Yes
EMP4214,43,Female,55543.0,Sales,HR Executive,16,2.0,1.0,4,2,4,Yes,Single,No
EMP4215,33,Male,43710.0,Research & Development,Laboratory Technician,11,2.0,4.0,3,1,1,Yes,Married,No
EMP4216,43,Female,83912.0,Sales,HR Executive,14,3.0,3.0,2,1,2,Yes,Divorced,No
EMP4217,43,Male,57427.0,Sales,Manufacturing Director,1,3.0,4.0,4,1,1,No,Married,No
EMP4218,43,Female,56746.0,Human Resources,Sales Executive,20,19.0,3.0,3,4,5,Yes,Married,No
EMP4219,41,Female,26820.0,,Sales Executive,1,2.0,2.0,4,2,3,No,Single,No
EMP4220,21,Female,42011.0,Sales,HR Executive,19,1.0,1.0,4,2,1,Yes,Married,Yes
EMP4221,49,Female,60693.0,,Laboratory Technician,18,2.0,3.0,2,1,5,Yes,Married,No
EMP4222,27,Male,53268.0,Sales,HR Executive,29,8.0,3.0,3,2,4,No,Single,No
EMP4223,41,Male,53031.0,,Sales Executive,25,4.0,2.0,1,1,4,No,Single,No
EMP4224,41,Female,16419.0,Research & Development,Manufacturing Director,22,1.0,4.0,1,1,0,No,Single,No
EMP4225,23,Male,37090.0,Sales,Research Scientist,19,7.0,3.0,1,3,5,No,Divorced,No
EMP4226,31,Female,48952.0,Sales,Sales Executive,9,3.0,2.0,4,3,1,No,Divorced,No
EMP4227,31,Female,81437.0,Sales,Laboratory Technician,23,1.0,,1,3,1,No,Single,No
EMP4228,28,Female,13396.0,Research & Development,HR Executive,17,3.0,3.0,1,1,2,Yes,Divorced,Yes
EMP4229,35,Female,32030.0,Sales,Sales Executive,15,4.0,1.0,3,3,0,Yes,Married,No
EMP4230,31,Male,13239.0,Research & Development,Manager,19,0.0,3.0,1,1,0,No,Divorced,No
EMP4231,42,Female,62159.0,Human Resources,HR Executive,8,7.0,4.0,1,3,0,No,Married,No
EMP4232,22,Female,81095.0,Research & Development,Manager,8,6.0,3.0,3,3,1,No,Single,No
EMP4233,26,Female,62931.0,Sales,Sales Executive,2,0.0,2.0,4,1,3,No,Divorced,No
EMP4234,40,Male,67699.0,Research & Development,Research Scientist,12,0.0,4.0,1,3,0,No,Divorced,No
EMP4235,33,Female,32295.0,Research & Development,Manager,24,16.0,,3,4,0,No,Married,No
EMP4236,36,Female,63127.0,Research & Development,Manager,3,7.0,2.0,3,3,3,Yes,Married,No
EMP4237,22,Male,38006.0,Sales,Sales Executive,14,5.0,1.0,4,4,1,Yes,Married,No
EMP4238,30,Female,56314.0,Sales,Laboratory Technician,25,3.0,4.0,4,4,2,No,Single,No
EMP4239,32,Male,66053.0,Sales,Sales Executive,26,17.0,4.0,3,1,1,No,Divorced,No
EMP4240,20,Male,48578.0,Research & Development,Manager,28,5.0,4.0,4,4,4,No,Divorced,No
EMP4241,40,Male,73044.0,Research & Development,Laboratory Technician,11,2.0,4.0,1,1,4,No,Single,No
EMP4242,22,Male,51401.0,Research & Development,Manager,10,2.0,2.0,3,1,5,No,Single,No
EMP4243,57,Male,61020.0,Research & Development,Laboratory Technician,9,5.0,1.0,1,4,5,No,Single,No
EMP4244,21,Male,96601.0,,Manufacturing Director,13,3.0,2.0,1,2,4,No,Divorced,No
EMP4245,27,Female,65945.0,Research & Development,Sales Executive,20,2.0,2.0,4,3,0,No,Married,No
EMP4246,40,Female,38514.0,Sales,Research Scientist,20,2.0,,3,2,3,No,Married,No
EMP4247,21,Female,44430.0,Research & Development,Sales Executive,18,0.0,4.0,1,4,0,No,Divorced,No
EMP4248,44,Female,74208.0,Research & Development,Manufacturing Director,14,14.0,4.0,4,1,4,Yes,Divorced,No
EMP4249,35,Female,77940.0,Human Resources,Research Scientist,21,5.0,1.0,4,1,1,Yes,Divorced,No
EMP4250,20,Female,54198.0,Sales,Sales Executive,10,1.0,4.0,2,4,2,No,Married,No
EMP4251,44,Male,21404.0,Research & Development,HR Executive,3,7.0,2.0,1,4,3,No,Divorced,No
EMP4252,22,Male,34094.0,Sales,Manufacturing Director,28,4.0,1.0,2,2,2,No,Single,No
EMP4253,44,Female,58976.0,Research & Development,Manufacturing Director,3,14.0,2.0,3,3,2,No,Single,No
EMP4254,46,Male,67768.0,Research & Development,Research Scientist,25,7.0,1.0,1,1,2,No,Married,No
EMP4255,33,Male,77105.0,Research & Development,Sales Executive,17,11.0,,2,3,1,Yes,Single,Yes
EMP4256,44,Female,12000.0,Human Resources,Research Scientist,29,10.0,2.0,1,4,1,No,Single,Yes
EMP4257,21,Male,74172.0,Research & Development,Research Scientist,16,2.0,1.0,3,1,0,Yes,Single,No
EMP4258,54,Male,86394.0,Research & Development,HR Executive,2,6.0,1.0,1,4,0,Yes,Married,No
EMP4259,56,Female,12000.0,Research & Development,Laboratory Technician,3,1.0,1.0,4,3,2,Yes,Married,No
EMP4260,26,Female,54883.0,Research & Development,Laboratory Technician,3,2.0,4.0,2,1,3,Yes,Divorced,No
EMP4261,40,Male,71671.0,Research & Development,Manager,13,1.0,1.0,1,2,0,Yes,Married,Yes
EMP4262,36,Male,23949.0,Sales,Laboratory Technician,23,3.0,4.0,2,1,2,No,Married,No
EMP4263,51,Male,44013.0,Sales,Research Scientist,19,7.0,4.0,4,1,3,Yes,Married,No
EMP4264,28,Male,67325.0,Research & Development,Research Scientist,24,1.0,2.0,4,1,5,No,Married,No
EMP4265,35,Male,43500.0,Research & Development,Research Scientist,16,6.0,1.0,3,4,4,No,Married,No
EMP4266,34,Male,47000.0,Research & Development,Sales Executive,4,25.0,2.0,1,3,3,No,Married,No
EMP4267,53,Male,59858.0,Research & Development,Manager,6,3.0,1.0,2,1,5,No,Divorced,No
EMP4268,40,Female,29264.0,Sales,Research Scientist,5,1.0,1.0,2,1,5,Yes,Divorced,No
EMP4269,51,Male,31528.0,Sales,HR Executive,27,2.0,4.0,4,2,1,No,Married,No
EMP4270,23,Male,65305.0,Research & Development,Laboratory Technician,24,0.0,1.0,2,2,2,Yes,Married,No
EMP4271,23,Female,75877.0,Research & Development,Laboratory Technician,1,26.0,4.0,4,1,4,No,Married,No
EMP4272,57,Female,63767.0,Sales,Manufacturing Director,7,5.0,3.0,2,1,4,No,Single,Yes
EMP4273,22,Male,84947.0,Sales,HR Executive,8,6.0,2.0,1,3,3,Yes,Married,No
EMP4274,46,Male,,Research & Development,Research Scientist,21,1.0,2.0,4,4,2,No,Single,No
EMP4275,25,Male,95635.0,Research & Development,Sales Executive,2,2.0,2.0,1,2,1,Yes,Single,No
EMP4276,40,Male,56447.0,Research & Development,HR Executive,29,3.0,2.0,4,2,3,No,Single,Yes
EMP4277,52,Male,60559.0,Human Resources,Research Scientist,9,4.0,2.0,4,4,0,No,Single,No
EMP4278,38,Male,63870.0,Sales,Sales Executive,25,2.0,2.0,1,2,4,No,Single,No
EMP4279,30,Male,41183.0,Human Resources,Manager,20,8.0,4.0,3,3,2,No,Divorced,No
EMP4280,26,Female,37926.0,Research & Development,HR Executive,12,4.0,4.0,1,4,2,No,Single,No
EMP4281,35,Female,35198.0,Research & Development,Manager,1,8.0,4.0,2,4,5,No,Single,No
EMP4282,57,Male,42774.0,Research & Development,HR Executive,16,2.0,4.0,2,4,5,No,Married,No
EMP4283,43,Female,100557.0,Research & Development,Research Scientist,2,2.0,2.0,1,1,5,No,Married,No
EMP4284,38,Male,95073.0,Research & Development,Manufacturing Director,21,3.0,4.0,1,4,5,Yes,Married,No
EMP4285,46,Female,47786.0,Sales,Research Scientist,6,8.0,2.0,3,3,2,No,Divorced,No
EMP4286,41,Female,45748.0,Research & Development,Manager,28,1.0,1.0,4,1,4,No,Married,No
EMP4287,37,Female,12000.0,,Research Scientist,1,6.0,3.0,2,4,4,No,Married,No
EMP4288,26,Male,,Sales,Manager,11,0.0,4.0,4,2,3,Yes,Married,No
EMP4289,37,Female,37195.0,Research & Development,Manufacturing Director,12,1.0,4.0,1,4,1,Yes,Married,Yes
EMP4290,30,Male,45327.0,Research & Development,Manufacturing Director,23,9.0,1.0,1,2,1,No,Married,No
EMP4291,33,Male,42467.0,Sales,Research Scientist,7,2.0,1.0,2,3,4,No,Married,Yes
EMP4292,32,Female,59725.0,Sales,Laboratory Technician,23,5.0,1.0,1,2,0,No,Single,No
EMP4293,23,Female,72049.0,Human Resources,Manufacturing Director,10,14.0,4.0,1,4,0,Yes,Married,No
EMP4294,40,Male,38988.0,Research & Development,Research Scientist,3,2.0,3.0,2,2,4,No,Married,No
EMP4295,25,Male,86612.0,Research & Development,Manufacturing Director,25,21.0,4.0,3,1,2,No,Single,No
EMP4296,36,Male,62605.0,Sales,Manager,6,21.0,1.0,4,4,5,Yes,Married,No
EMP4297,55,Male,74542.0,Research & Development,Manager,13,8.0,3.0,3,1,4,No,Married,No
EMP4298,53,Male,45330.0,Research & Development,Manufacturing Director,18,11.0,2.0,3,4,1,Yes,Single,Yes
EMP4299,58,Female,67022.0,Sales,Manufacturing Director,1,1.0,3.0,3,2,2,No,Married,No
EMP4300,25,Male,,Research & Development,Manufacturing Director,19,3.0,3.0,3,3,1,No,Married,No
EMP4301,53,Female,87287.0,Sales,Sales Executive,16,3.0,3.0,1,2,0,Yes,Married,No
EMP4302,52,Female,69359.0,Sales,Sales Executive,23,2.0,1.0,2,1,1,No,Single,No
EMP4303,32,Male,73782.0,Research & Development,Sales Executive,4,1.0,4.0,1,4,5,Yes,Divorced,No
EMP4304,34,Female,,Research & Development,Manager,26,5.0,4.0,3,1,5,No,Single,No
EMP4305,27,Female,81310.0,Research & Development,Laboratory Technician,2,10.0,3.0,4,1,1,Yes,Divorced,No
EMP4306,58,Male,26925.0,Research & Development,Research Scientist,28,15.0,1.0,2,2,3,Yes,Single,Yes
EMP4307,40,Female,42393.0,Research & Development,HR Executive,10,12.0,4.0,3,2,0,Yes,Married,No
EMP4308,31,Male,61189.0,Research & Development,Research Scientist,3,1.0,3.0,3,3,1,No,Single,No
EMP4309,23,Male,29640.0,Research & Development,Manufacturing Director,8,10.0,4.0,1,2,2,Yes,Married,No
EMP4310,40,Male,34690.0,Sales,Laboratory Technician,15,1.0,3.0,3,2,2,No,Divorced,No
EMP4311,56,Female,34701.0,Sales,Laboratory Technician,4,5.0,3.0,3,3,4,No,Divorced,No
EMP4312,35,Male,63331.0,Human Resources,Sales Executive,9,7.0,4.0,4,4,2,Yes,Divorced,No
EMP4313,50,Female,51503.0,Sales,Sales Executive,9,0.0,1.0,2,1,2,Yes,Married,No
EMP4314,33,Male,76202.0,Research & Development,Sales Executive,5,4.0,1.0,4,1,4,Yes,Married,No
EMP4315,58,Female,96373.0,Research & Development,Research Scientist,15,7.0,2.0,2,4,5,No,Divorced,No
EMP4316,45,Male,60950.0,Research & Development,Sales Executive,1,2.0,3.0,2,4,3,No,Divorced,No
EMP4317,54,Female,,Research & Development,Laboratory Technician,8,3.0,2.0,4,4,1,No,Married,No
EMP4318,44,Male,63103.0,Research & Development,HR Executive,5,37.0,2.0,2,2,2,No,Married,No
EMP4319,36,Male,35294.0,Research & Development,HR Executive,1,1.0,1.0,2,2,3,No,Single,No
EMP4320,21,Female,53599.0,Sales,HR Executive,14,1.0,3.0,3,1,1,Yes,Married,Yes
EMP4321,32,Female,109170.0,Research & Development,Manager,26,1.0,3.0,2,1,0,No,Married,No
EMP4322,29,Male,50532.0,Research & Development,Sales Executive,11,1.0,,1,3,5,Yes,Divorced,No
EMP4323,53,Male,61658.0,Human Resources,Manufacturing Director,19,1.0,3.0,4,1,0,No,Married,No
EMP4324,42,Female,51446.0,Research & Development,Manufacturing Director,5,2.0,4.0,4,1,0,No,Single,No
EMP4325,43,Female,45989.0,Research & Development,Research Scientist,21,2.0,1.0,1,2,1,Yes,Single,Yes
EMP4326,59,Female,65580.0,Sales,Manufacturing Director,20,13.0,3.0,1,1,0,No,Single,No
EMP4327,55,Female,27040.0,Research & Development,Manager,12,4.0,3.0,3,1,1,Yes,Married,No
EMP4328,46,Female,51344.0,Research & Development,Laboratory Technician,8,2.0,2.0,2,1,0,No,Single,No
EMP4329,33,Female,25136.0,Sales,Sales Executive,17,7.0,1.0,1,3,3,No,Divorced,No
EMP4330,24,Male,88978.0,Research & Development,Manufacturing Director,18,9.0,4.0,2,3,5,No,Single,No
EMP4331,41,Male,76719.0,Human Resources,Manager,21,0.0,4.0,4,2,5,No,Married,No
EMP4332,59,Female,38100.0,Sales,Laboratory Technician,6,1.0,2.0,2,2,3,No,Single,No
EMP4333,38,Male,14172.0,Research & Development,HR Executive,11,2.0,3.0,2,1,5,No,Married,No
EMP4334,59,Female,65788.0,Research & Development,HR Executive,24,4.0,1.0,4,4,2,No,Married,No
EMP4335,27,Male,54038.0,Sales,Manager,25,7.0,1.0,4,4,3,No,Single,No
EMP4336,22,Male,104363.0,Research & Development,Research Scientist,24,2.0,4.0,1,2,1,Yes,Married,No
EMP4337,41,Male,85838.0,Research & Development,Laboratory Technician,23,5.0,4.0,2,3,2,Yes,Married,No
EMP4338,34,Male,,Sales,Manager,3,0.0,1.0,4,4,0,No,Single,No
EMP4339,23,Female,43379.0,Research & Development,Research Scientist,9,15.0,1.0,4,3,1,Yes,Married,No
EMP4340,57,Male,49245.0,Research & Development,Sales Executive,9,10.0,1.0,2,3,0,No,Married,No
EMP4341,34,Male,61646.0,Research & Development,Manufacturing Director,10,0.0,1.0,4,3,1,No,Married,No
EMP4342,30,Female,62811.0,Research & Development,Manager,15,2.0,2.0,2,4,4,No,Married,No
EMP4343,41,Female,39431.0,Research & Development,Manager,6,15.0,2.0,1,4,2,Yes,Married,Yes
EMP4344,53,Male,24991.0,Sales,Laboratory Technician,23,1.0,3.0,4,1,5,No,Divorced,No
EMP4345,25,Male,97421.0,Research & Development,HR Executive,15,6.0,1.0,3,3,3,No,Married,No
EMP4346,34,Female,55745.0,Research & Development,Laboratory Technician,3,1.0,4.0,4,4,5,Yes,Single,No
EMP4347,50,Female,64332.0,Research & Development,Sales Executive,24,1.0,4.0,1,1,3,No,Single,No
EMP4348,46,Male,36136.0,Research & Development,HR Executive,10,5.0,3.0,1,4,4,Yes,Married,No
EMP4349,27,Female,85056.0,Human Resources,Research Scientist,17,4.0,4.0,1,2,4,Yes,Married,No
EMP4350,21,Male,77882.0,Sales,HR Executive,13,1.0,1.0,3,4,1,Yes,Married,No
EMP4351,49,Female,56330.0,Research & Development,Laboratory Technician,11,3.0,4.0,2,3,0,No,Married,No
EMP4352,28,Male,59622.0,Research & Development,Laboratory Technician,10,15.0,2.0,3,2,2,No,Divorced,No
EMP4353,20,Female,61270.0,Research & Development,Manager,12,3.0,2.0,3,1,0,No,Married,No
EMP4354,55,Male,57160.0,Research & Development,Laboratory Technician,2,4.0,3.0,4,4,5,No,Single,No
EMP4355,47,Male,67274.0,Research & Development,Laboratory Technician,21,3.0,2.0,1,4,5,No,Married,No
EMP4356,38,Female,63285.0,Sales,Research Scientist,19,0.0,1.0,3,4,1,No,Married,No
EMP4357,36,Male,51130.0,Research & Development,Laboratory Technician,15,9.0,2.0,3,2,1,Yes,Single,No
EMP4358,54,Female,29291.0,Sales,Research Scientist,26,9.0,4.0,3,3,1,Yes,Single,No
EMP4359,51,Female,54443.0,Sales,Laboratory Technician,17,3.0,1.0,4,4,5,No,Divorced,No
EMP4360,41,Male,71506.0,Research & Development,Manufacturing Director,12,2.0,4.0,2,4,4,Yes,Married,No
EMP4361,42,Male,69787.0,Research & Development,Laboratory Technician,18,10.0,4.0,2,4,1,No,Divorced,No
EMP4362,41,Male,83873.0,Research & Development,Manager,24,4.0,2.0,2,3,4,Yes,Married,No
EMP4363,35,Female,86201.0,Research & Development,Sales Executive,22,14.0,1.0,1,2,0,No,Married,Yes
EMP4364,40,Female,70436.0,Research & Development,Sales Executive,17,5.0,4.0,1,1,0,No,Married,No
EMP4365,46,Male,59124.0,Sales,HR Executive,19,2.0,2.0,3,2,3,No,Married,No
EMP4366,45,Female,62557.0,Research & Development,HR Executive,29,7.0,1.0,4,3,1,No,Single,No
EMP4367,35,Male,42364.0,Sales,HR Executive,20,2.0,3.0,1,1,1,No,Single,No
EMP4368,53,Female,72584.0,Research & Development,Manager,21,7.0,2.0,2,3,3,No,Married,No
EMP4369,34,Female,84121.0,Research & Development,Research Scientist,20,2.0,3.0,1,4,5,No,Single,No
EMP4370,49,Male,77916.0,Sales,Sales Executive,28,23.0,1.0,1,3,3,Yes,Divorced,No
EMP4371,37,Female,67240.0,Sales,Manufacturing Director,27,0.0,,1,4,2,No,Married,No
EMP4372,57,Male,,Sales,Research Scientist,10,10.0,1.0,4,2,0,No,Divorced,No
EMP4373,48,Female,47169.0,Human Resources,Manufacturing Director,22,5.0,4.0,2,4,2,No,Married,No
EMP4374,48,Female,51485.0,Research & Development,Research Scientist,19,2.0,4.0,4,4,5,Yes,Married,No
EMP4375,44,Male,38936.0,Research & Development,Manager,16,12.0,2.0,3,1,2,Yes,Single,No
EMP4376,27,Female,61043.0,Research & Development,Sales Executive,15,6.0,3.0,2,2,5,No,Single,No
EMP4377,56,Male,12000.0,Research & Development,HR Executive,27,5.0,4.0,2,3,0,No,Married,No
EMP4378,48,Male,43147.0,Research & Development,Laboratory Technician,27,4.0,3.0,1,4,3,No,Single,Yes
EMP4379,20,Male,56499.0,Sales,Manager,27,10.0,,4,3,3,No,Divorced,No
EMP4380,31,Female,110036.0,Research & Development,Sales Executive,9,6.0,4.0,4,3,1,No,Single,No
EMP4381,26,Female,55097.0,Research & Development,Research Scientist,11,3.0,4.0,3,2,0,No,Divorced,No
EMP4382,25,Female,55908.0,Research & Development,Laboratory Technician,3,6.0,,1,3,4,No,Married,No
EMP4383,39,Female,36662.0,Sales,Sales Executive,24,2.0,,4,4,3,No,Married,No
EMP4384,51,Male,92830.0,Research & Development,HR Executive,20,2.0,1.0,1,1,2,No,Divorced,No
EMP4385,46,Female,37105.0,Research & Development,Laboratory Technician,29,0.0,3.0,3,4,2,Yes,Married,No
EMP4386,57,Female,99722.0,Sales,HR Executive,22,2.0,3.0,3,1,5,No,Single,No
EMP4387,23,Female,38721.0,Sales,Research Scientist,6,2.0,1.0,1,3,5,No,Single,Yes
EMP4388,45,Male,75716.0,Research & Development,Sales Executive,9,6.0,3.0,2,2,2,No,Single,No
EMP4389,31,Male,53753.0,Research & Development,Manufacturing Director,12,4.0,4.0,1,1,3,No,Married,No
EMP4390,20,Male,42628.0,Research & Development,Research Scientist,23,1.0,3.0,1,1,2,Yes,Married,No
EMP4391,59,Male,77211.0,Human Resources,Manufacturing Director,13,9.0,2.0,2,2,5,Yes,Divorced,No
EMP4392,25,Female,84227.0,Research & Development,HR Executive,29,3.0,2.0,1,1,2,Yes,Single,Yes
EMP4393,33,Male,,Research & Development,Manager,18,3.0,4.0,3,1,0,No,Single,No
EMP4394,40,Female,54468.0,Sales,Manager,11,2.0,2.0,3,2,0,Yes,Single,Yes
EMP4395,35,Male,45923.0,Research & Development,Manager,28,1.0,3.0,3,2,4,No,Divorced,No
EMP4396,26,Female,59929.0,Sales,Laboratory Technician,16,15.0,4.0,2,2,0,No,Divorced,No
EMP4397,29,Female,30917.0,,Manufacturing Director,9,3.0,2.0,1,4,3,No,Married,No
EMP4398,47,Female,12000.0,Research & Development,Sales Executive,12,0.0,1.0,3,1,3,No,Married,No
EMP4399,20,Male,13855.0,Research & Development,HR Executive,22,3.0,4.0,3,2,1,No,Divorced,No
EMP4400,22,Female,50137.0,Sales,Manager,3,13.0,2.0,1,2,3,Yes,Married,No
EMP4401,31,Female,31463.0,Sales,Sales Executive,23,1.0,2.0,2,2,0,No,Divorced,No
EMP4402,59,Male,52413.0,Research & Development,Manager,4,6.0,4.0,4,3,5,No,Divorced,No
EMP4403,26,Male,43725.0,Research & Development,Manufacturing Director,21,1.0,1.0,3,1,4,No,Married,No
EMP4404,46,Female,39460.0,Research & Development,Research Scientist,21,4.0,3.0,2,1,0,No,Married,Yes
EMP4405,35,Female,40725.0,Research & Development,Manager,18,4.0,4.0,2,1,2,No,Single,No
EMP4406,40,Male,76278.0,Sales,Laboratory Technician,6,8.0,4.0,1,3,5,No,Single,No
EMP4407,29,Male,60176.0,Research & Development,Sales Executive,17,1.0,2.0,1,2,0,No,Divorced,No
EMP4408,56,Female,89429.0,Sales,Sales Executive,25,0.0,1.0,4,4,1,No,Single,No
EMP4409,36,Female,57272.0,Research & Development,Research Scientist,9,13.0,,2,1,4,No,Single,No
EMP4410,21,Female,12981.0,Research & Development,Manager,27,8.0,1.0,3,1,3,No,Divorced,No
EMP4411,30,Female,32036.0,Research & Development,HR Executive,4,1.0,4.0,4,3,1,Yes,Single,No
EMP4412,32,Female,57533.0,Research & Development,Sales Executive,26,4.0,3.0,3,4,0,No,Married,No
EMP4413,56,Male,60324.0,Sales,Sales Executive,10,0.0,2.0,3,1,1,No,Married,No
EMP4414,21,Female,42108.0,Sales,Manufacturing Director,21,4.0,2.0,1,2,2,No,Single,No
EMP4415,31,Female,37494.0,Research & Development,Manufacturing Director,7,1.0,3.0,2,2,0,No,Single,No
EMP4416,27,Female,41625.0,,Manager,18,8.0,4.0,1,1,3,Yes,Single,No
EMP4417,27,Female,51822.0,Human Resources,HR Executive,19,1.0,1.0,3,2,2,No,Single,Yes
EMP4418,59,Male,53922.0,Research & Development,Research Scientist,15,1.0,1.0,2,3,1,Yes,Single,No
EMP4419,50,Male,30847.0,Research & Development,Sales Executive,25,2.0,4.0,2,2,5,Yes,Divorced,Yes
EMP4420,57,Female,60418.0,Research & Development,Manufacturing Director,27,1.0,2.0,2,3,5,Yes,Divorced,Yes
EMP4421,52,Male,60215.0,Research & Development,Research Scientist,5,2.0,2.0,1,2,5,No,Single,No
EMP4422,54,Male,52581.0,Sales,Laboratory Technician,24,4.0,1.0,3,3,5,No,Married,No
EMP4423,42,Male,39798.0,Research & Development,Manager,20,1.0,2.0,3,4,1,No,Married,No
EMP4424,40,Female,69775.0,Sales,Manager,16,4.0,3.0,4,1,2,Yes,Married,No
EMP4425,33,Male,84120.0,Sales,Sales Executive,4,0.0,4.0,1,1,1,No,Divorced,Yes
EMP4426,22,Male,45139.0,Research & Development,Manager,18,3.0,1.0,2,1,1,Yes,Single,No
EMP4427,53,Male,41173.0,Research & Development,Manager,12,9.0,2.0,3,4,5,Yes,Divorced,No
EMP4428,35,Male,65250.0,Research & Development,HR Executive,2,10.0,3.0,4,3,2,No,Single,No
EMP4429,46,Male,29247.0,Research & Development,Manufacturing Director,6,0.0,4.0,1,4,4,Yes,Married,No
EMP4430,58,Male,26916.0,Research & Development,HR Executive,3,17.0,2.0,2,2,5,Yes,Divorced,No
EMP4431,35,Female,40725.0,Research & Development,Manager,9,6.0,2.0,4,4,1,Yes,Married,No
EMP4432,25,Male,61809.0,Sales,Manufacturing Director,6,6.0,4.0,1,2,1,No,Married,No
EMP4433,35,Female,35630.0,Sales,Laboratory Technician,25,3.0,4.0,1,4,5,No,Single,No
EMP4434,58,Female,54587.0,Research & Development,Sales Executive,9,0.0,4.0,1,3,2,No,Married,No
EMP4435,20,Male,12000.0,Research & Development,Manufacturing Director,13,2.0,3.0,2,4,5,Yes,Single,No
EMP4436,30,Female,68569.0,Research & Development,Manufacturing Director,22,2.0,3.0,1,4,3,No,Married,No
EMP4437,22,Female,86690.0,Human Resources,Manufacturing Director,4,2.0,3.0,2,1,2,No,Single,Yes
EMP4438,50,Female,34983.0,Research & Development,Manufacturing Director,11,3.0,3.0,2,4,2,Yes,Married,No
EMP4439,25,Male,64770.0,Sales,Manufacturing Director,6,0.0,1.0,4,1,5,Yes,Married,No
EMP4440,30,Female,50423.0,Research & Development,HR Executive,16,0.0,4.0,2,3,0,No,Single,No
EMP4441,29,Female,57336.0,Research & Development,Sales Executive,25,2.0,3.0,4,3,3,No,Married,No
EMP4442,21,Male,49590.0,Human Resources,HR Executive,16,3.0,2.0,1,1,5,No,Single,No
EMP4443,57,Male,48323.0,Research & Development,Sales Executive,12,1.0,3.0,1,3,5,No,Married,No
EMP4444,35,Male,36671.0,Sales,Sales Executive,3,10.0,1.0,4,1,3,No,Divorced,No
EMP4445,52,Male,30957.0,Research & Development,Manager,28,4.0,3.0,1,3,2,No,Married,No
EMP4446,40,Female,79187.0,Research & Development,Manufacturing Director,14,1.0,2.0,2,2,5,No,Married,No
EMP4447,21,Male,18061.0,Research & Development,Research Scientist,17,2.0,4.0,3,1,2,Yes,Divorced,No
EMP4448,27,Male,54589.0,Research & Development,Sales Executive,15,3.0,1.0,4,4,2,No,Married,No
EMP4449,20,Female,53589.0,Research & Development,Manager,15,6.0,3.0,1,2,3,Yes,Divorced,No
EMP4450,29,Male,53968.0,Human Resources,Laboratory Technician,3,3.0,2.0,2,3,2,Yes,Single,No
EMP4451,43,Male,69627.0,Human Resources,Manufacturing Director,14,2.0,2.0,1,3,1,No,Married,No
EMP4452,24,Male,46844.0,Sales,Research Scientist,13,20.0,2.0,2,4,2,No,Married,No
EMP4453,35,Female,69366.0,Research & Development,Manufacturing Director,23,7.0,4.0,1,3,3,No,Married,No
EMP4454,21,Male,98689.0,Sales,Research Scientist,13,7.0,,2,3,0,Yes,Single,No
EMP4455,52,Male,51651.0,Research & Development,Laboratory Technician,25,0.0,3.0,1,2,3,Yes,Married,No
EMP4456,34,Male,12000.0,Sales,HR Executive,20,3.0,,4,2,4,Yes,Married,No
EMP4457,58,Female,51864.0,Research & Development,Manufacturing Director,4,6.0,4.0,3,1,1,No,Married,Yes
EMP4458,33,Female,49703.0,Sales,Laboratory Technician,26,0.0,2.0,3,4,1,Yes,Married,No
EMP4459,39,Male,63844.0,Research & Development,Manager,12,0.0,4.0,2,4,5,Yes,Divorced,No
EMP4460,39,Male,12000.0,Sales,Manager,21,1.0,2.0,3,1,5,No,Married,No
EMP4461,27,Male,62139.0,Sales,Manager,9,1.0,,2,4,0,No,Divorced,No
EMP4462,49,Male,,,HR Executive,22,16.0,3.0,1,3,0,No,Single,No
EMP4463,55,Male,72660.0,Research & Development,Sales Executive,27,4.0,2.0,2,1,5,No,Divorced,No
EMP4464,54,Female,43594.0,Sales,Manufacturing Director,1,8.0,1.0,2,1,5,No,Divorced,No
EMP4465,36,Male,74096.0,Research & Development,Sales Executive,22,5.0,1.0,2,3,3,No,Divorced,No
EMP4466,50,Female,21764.0,Research & Development,Research Scientist,22,4.0,2.0,1,4,5,Yes,Divorced,Yes
EMP4467,36,Female,55391.0,Human Resources,HR Executive,9,5.0,3.0,4,1,2,Yes,Divorced,No
EMP4468,25,Female,33620.0,Sales,Research Scientist,12,5.0,4.0,2,4,1,No,Single,No
EMP4469,48,Female,44262.0,Sales,Manager,12,20.0,2.0,2,2,5,No,Divorced,No
EMP4470,36,Male,114842.0,Research & Development,Sales Executive,13,5.0,4.0,4,4,2,No,Single,No
EMP4471,34,Female,34109.0,Research & Development,HR Executive,13,0.0,3.0,4,2,2,No,Divorced,No
EMP4472,22,Female,46803.0,Sales,Research Scientist,27,6.0,3.0,1,2,3,No,Married,No
EMP4473,29,Male,29838.0,Sales,Sales Executive,28,3.0,1.0,4,2,1,No,Single,No
EMP4474,36,Male,48246.0,Research & Development,Sales Executive,28,4.0,4.0,2,3,1,No,Single,No
EMP4475,49,Male,51701.0,Sales,Research Scientist,14,2.0,3.0,2,2,0,Yes,Single,No
EMP4476,35,Male,38839.0,Research & Development,HR Executive,21,2.0,4.0,4,2,0,No,Married,No
EMP4477,27,Female,89680.0,Research & Development,Sales Executive,1,5.0,1.0,4,2,4,No,Married,No
EMP4478,35,Male,80414.0,Research & Development,Manager,1,1.0,4.0,4,2,2,Yes,Married,No
EMP4479,21,Male,34170.0,Research & Development,Manager,22,1.0,2.0,1,3,4,Yes,Married,No
EMP4480,38,Female,72968.0,Research & Development,Research Scientist,20,3.0,2.0,1,2,3,No,Single,No
EMP4481,39,Male,44438.0,Research & Development,Manager,3,3.0,3.0,2,2,3,No,Married,No
EMP4482,48,Male,27955.0,Research & Development,Research Scientist,20,0.0,1.0,2,4,5,No,Married,No
EMP4483,21,Male,39207.0,Sales,Laboratory Technician,19,2.0,3.0,3,3,1,No,Married,No
EMP4484,45,Female,27369.0,Research & Development,Sales Executive,22,8.0,2.0,1,4,5,Yes,Single,Yes
EMP4485,51,Female,75706.0,Human Resources,Sales Executive,15,2.0,,1,2,5,No,Married,Yes
EMP4486,52,Female,35719.0,Research & Development,Sales Executive,23,2.0,3.0,4,4,3,No,Divorced,No
EMP4487,59,Male,83339.0,Research & Development,Sales Executive,23,11.0,3.0,3,4,3,No,Married,No
EMP4488,47,Male,58099.0,Research & Development,Laboratory Technician,18,3.0,4.0,4,1,5,No,Single,No
EMP4489,57,Male,46121.0,Research & Development,Research Scientist,16,3.0,1.0,4,3,3,Yes,Divorced,No
EMP4490,33,Male,43954.0,Research & Development,Research Scientist,24,5.0,4.0,4,4,2,No,Single,No
EMP4491,25,Male,93558.0,Research & Development,Sales Executive,6,7.0,3.0,4,4,4,No,Single,No
EMP4492,20,Male,55227.0,Sales,HR Executive,29,3.0,4.0,3,2,5,No,Single,No
EMP4493,57,Female,43905.0,Sales,Manufacturing Director,26,2.0,2.0,3,2,2,No,Married,No
EMP4494,24,Female,73776.0,Research & Development,HR Executive,16,1.0,3.0,3,2,2,No,Divorced,No
EMP4495,24,Male,67882.0,Research & Development,Research Scientist,27,3.0,1.0,3,2,4,Yes,Married,Yes
EMP4496,49,Female,33262.0,Research & Development,HR Executive,21,1.0,2.0,4,4,4,Yes,Married,No
EMP4497,34,Male,55115.0,,Research Scientist,13,4.0,4.0,3,1,2,No,Married,No
EMP4498,40,Female,,Research & Development,Research Scientist,13,2.0,4.0,3,2,4,No,Single,No
EMP4499,23,Female,54264.0,Research & Development,HR Executive,18,9.0,,2,4,1,Yes,Divorced,No
EMP4500,36,Male,61912.0,Research & Development,Research Scientist,8,3.0,4.0,4,3,0,No,Single,No
EMP4501,52,Female,64853.0,Research & Development,Manufacturing Director,17,5.0,,2,3,1,No,Single,No
EMP4502,42,Female,33012.0,Research & Development,Manufacturing Director,12,8.0,2.0,2,2,5,Yes,Divorced,No
EMP4503,28,Female,38752.0,,Manager,16,5.0,1.0,3,4,5,Yes,Single,No
EMP4504,26,Female,60443.0,Research & Development,Manager,12,6.0,3.0,3,2,0,No,Single,No
EMP4505,46,Male,82511.0,Sales,Research Scientist,3,10.0,4.0,2,3,4,No,Divorced,No
EMP4506,48,Female,57025.0,Sales,Manager,21,3.0,4.0,1,1,2,No,Single,No
EMP4507,50,Male,42722.0,Research & Development,Laboratory Technician,15,1.0,4.0,3,1,1,No,Single,No
EMP4508,24,Male,76345.0,Sales,Manager,6,1.0,2.0,1,2,1,No,Married,No
EMP4509,35,Female,57840.0,Sales,Sales Executive,7,0.0,2.0,1,2,0,Yes,Single,No
EMP4510,22,Male,58932.0,Sales,Laboratory Technician,15,3.0,3.0,1,2,1,No,Divorced,No
EMP4511,51,Female,72550.0,Research & Development,Sales Executive,24,0.0,4.0,3,2,0,No,Married,No
EMP4512,30,Male,52881.0,Sales,Laboratory Technician,8,10.0,4.0,4,1,0,No,Married,No
EMP4513,33,Male,,Research & Development,HR Executive,25,24.0,1.0,3,2,1,No,Single,No
EMP4514,42,Female,51599.0,Research & Development,Sales Executive,24,1.0,2.0,1,1,5,No,Single,Yes
EMP4515,25,Male,79467.0,Research & Development,HR Executive,1,7.0,1.0,1,3,3,No,Divorced,No
EMP4516,50,Female,96639.0,Research & Development,HR Executive,4,9.0,1.0,3,4,1,No,Single,No
EMP4517,38,Male,28188.0,Research & Development,Research Scientist,22,0.0,1.0,4,3,3,No,Single,No
EMP4518,42,Female,91020.0,Research & Development,Research Scientist,17,1.0,,3,2,5,No,Single,No
EMP4519,48,Female,46928.0,Sales,HR Executive,4,13.0,3.0,3,3,0,No,Married,No
EMP4520,46,Female,55450.0,Research & Development,HR Executive,29,0.0,2.0,3,4,1,No,Divorced,No
EMP4521,21,Female,92397.0,Research & Development,Manager,1,0.0,3.0,3,1,2,No,Single,No
EMP4522,23,Male,45987.0,Human Resources,Sales Executive,12,11.0,3.0,1,1,0,No,Single,Yes
EMP4523,52,Male,48963.0,Research & Development,Manager,1,14.0,3.0,1,2,3,Yes,Divorced,No
EMP4524,55,Female,40859.0,Sales,Research Scientist,27,18.0,4.0,2,2,3,Yes,Single,No
EMP4525,30,Female,55833.0,Research & Development,Research Scientist,14,1.0,1.0,1,1,1,No,Married,No
EMP4526,20,Male,61859.0,Sales,Manager,19,4.0,4.0,2,2,1,Yes,Married,No
EMP4527,47,Female,39884.0,Research & Development,Manufacturing Director,24,0.0,1.0,4,3,4,No,Married,No
EMP4528,59,Male,86908.0,Research & Development,Research Scientist,8,5.0,,2,4,3,Yes,Single,No
EMP4529,24,Female,38559.0,Sales,Research Scientist,10,0.0,3.0,2,2,3,No,Divorced,No
EMP4530,23,Female,,Sales,Research Scientist,19,1.0,2.0,3,1,0,No,Single,No
EMP4531,35,Male,55584.0,Sales,Research Scientist,27,11.0,3.0,2,1,4,No,Married,Yes
EMP4532,44,Male,82362.0,Sales,Manufacturing Director,6,0.0,4.0,3,3,3,Yes,Married,No
EMP4533,38,Female,,Research & Development,Sales Executive,13,4.0,2.0,3,4,4,No,Married,No
EMP4534,38,Female,67596.0,Research & Development,Research Scientist,8,1.0,4.0,3,4,1,Yes,Married,No
EMP4535,38,Male,108264.0,Sales,Manager,6,1.0,3.0,2,2,5,Yes,Married,No
EMP4536,59,Male,23284.0,Sales,Laboratory Technician,6,15.0,1.0,4,2,0,Yes,Single,No
EMP4537,30,Female,35187.0,Research & Development,Manufacturing Director,14,8.0,2.0,4,3,4,No,Married,No
EMP4538,23,Female,100847.0,Sales,Manager,4,1.0,1.0,1,1,0,Yes,Married,No
EMP4539,41,Male,52048.0,Research & Development,Sales Executive,19,0.0,4.0,1,3,4,Yes,Married,No
EMP4540,39,Female,57499.0,Sales,Laboratory Technician,6,3.0,2.0,3,4,4,Yes,Married,No
EMP4541,31,Female,47690.0,Research & Development,Sales Executive,15,12.0,4.0,3,3,3,No,Married,No
EMP4542,58,Female,91392.0,Research & Development,Laboratory Technician,7,6.0,1.0,4,3,3,No,Single,No
EMP4543,26,Female,19501.0,Sales,Manufacturing Director,13,3.0,2.0,2,3,1,Yes,Married,Yes
EMP4544,25,Male,82215.0,Research & Development,Laboratory Technician,5,5.0,4.0,3,1,0,No,Married,No
EMP4545,25,Male,22495.0,Research & Development,Manager,6,7.0,4.0,1,3,0,No,Married,No
EMP4546,57,Female,20527.0,Sales,Laboratory Technician,10,4.0,1.0,4,1,1,No,Married,No
EMP4547,55,Female,31087.0,Research & Development,Manufacturing Director,21,7.0,2.0,3,4,2,No,Married,No
EMP4548,58,Female,52188.0,Research & Development,Manager,13,1.0,4.0,3,3,1,No,Married,No
EMP4549,25,Female,39285.0,Research & Development,HR Executive,11,2.0,2.0,1,1,4,No,Married,No
EMP4550,20,Female,37980.0,Sales,HR Executive,17,15.0,2.0,4,2,4,No,Married,Yes
EMP4551,35,Male,34593.0,Research & Development,HR Executive,29,16.0,3.0,2,1,3,Yes,Married,No
EMP4552,39,Male,34974.0,,Manufacturing Director,24,10.0,4.0,1,2,3,No,Married,No
EMP4553,30,Male,34477.0,Sales,Laboratory Technician,12,2.0,4.0,2,3,0,No,Single,No
EMP4554,44,Male,60167.0,Sales,Sales Executive,15,3.0,4.0,4,4,1,No,Divorced,No
EMP4555,44,Male,41010.0,Research & Development,Research Scientist,7,7.0,1.0,2,2,1,Yes,Single,Yes
EMP4556,46,Male,12000.0,Sales,Research Scientist,22,13.0,4.0,1,2,0,No,Married,Yes
EMP4557,33,Female,54180.0,Sales,Manager,25,8.0,1.0,4,1,2,No,Married,No
EMP4558,21,Female,71487.0,Research & Development,Sales Executive,25,1.0,,3,3,2,No,Divorced,Yes
EMP4559,31,Male,48866.0,Human Resources,Laboratory Technician,7,3.0,4.0,3,2,2,Yes,Married,No
EMP4560,26,Female,27263.0,Research & Development,HR Executive,22,1.0,1.0,3,3,4,Yes,Single,Yes
EMP4561,58,Male,71391.0,Human Resources,Laboratory Technician,5,1.0,2.0,1,3,4,No,Single,No
EMP4562,53,Female,24804.0,Sales,Laboratory Technician,1,14.0,4.0,3,1,1,No,Married,No
EMP4563,59,Male,47934.0,Research & Development,Manager,21,13.0,4.0,1,4,1,No,Married,No
EMP4564,50,Female,54519.0,Sales,Sales Executive,13,3.0,4.0,1,2,2,No,Married,No
EMP4565,25,Female,78741.0,Sales,Sales Executive,9,1.0,,3,1,2,No,Divorced,No
EMP4566,38,Female,67710.0,Sales,HR Executive,15,26.0,1.0,3,3,0,Yes,Married,No
EMP4567,47,Female,60246.0,Research & Development,Manager,13,0.0,4.0,1,2,3,Yes,Married,No
EMP4568,22,Male,75473.0,Sales,HR Executive,8,2.0,4.0,1,3,2,No,Single,No
EMP4569,55,Female,29524.0,Research & Development,Laboratory Technician,14,19.0,1.0,1,1,5,No,Divorced,No
EMP4570,53,Female,89759.0,Research & Development,Research Scientist,2,1.0,3.0,1,4,0,No,Single,No
EMP4571,58,Female,12000.0,Sales,HR Executive,23,3.0,4.0,4,4,5,Yes,Married,No
EMP4572,31,Female,86411.0,Research & Development,HR Executive,28,6.0,2.0,1,2,2,No,Single,No
EMP4573,31,Female,36492.0,Sales,Sales Executive,17,2.0,4.0,3,1,2,No,Married,No
EMP4574,45,Male,63364.0,,Manufacturing Director,19,3.0,2.0,2,3,1,Yes,Married,Yes
EMP4575,51,Female,86866.0,Sales,Manager,22,20.0,4.0,2,1,2,No,Married,No
EMP4576,30,Male,67341.0,Sales,Research Scientist,15,1.0,2.0,1,2,0,Yes,Divorced,No
EMP4577,33,Female,63193.0,Sales,Laboratory Technician,29,9.0,1.0,1,2,5,Yes,Married,Yes
EMP4578,33,Female,,Sales,Manager,9,2.0,4.0,4,1,2,No,Single,No
EMP4579,44,Female,22441.0,,Sales Executive,21,1.0,2.0,4,1,5,No,Married,No
EMP4580,24,Male,25741.0,Research & Development,Sales Executive,9,5.0,2.0,2,4,4,No,Single,No
EMP4581,40,Female,60970.0,Research & Development,Laboratory Technician,9,3.0,1.0,3,3,4,No,Married,No
EMP4582,29,Female,50653.0,Human Resources,Manufacturing Director,13,3.0,2.0,4,2,2,No,Single,No
EMP4583,48,Male,48118.0,Sales,Laboratory Technician,23,1.0,4.0,2,1,3,No,Married,No
EMP4584,49,Female,82240.0,Sales,Manufacturing Director,12,5.0,2.0,4,1,2,No,Divorced,No
EMP4585,56,Female,80333.0,Research & Development,HR Executive,25,1.0,2.0,3,3,4,No,Single,No
EMP4586,34,Female,34744.0,Research & Development,Manufacturing Director,12,7.0,2.0,2,3,4,Yes,Divorced,No
EMP4587,24,Female,64733.0,Sales,Sales Executive,13,6.0,3.0,4,1,4,Yes,Divorced,No
EMP4588,29,Female,20585.0,Research & Development,Manufacturing Director,16,16.0,4.0,2,3,2,No,Married,No
EMP4589,28,Female,20056.0,Human Resources,HR Executive,20,12.0,1.0,1,3,5,No,Married,No
EMP4590,20,Female,35357.0,Research & Development,Manufacturing Director,13,0.0,2.0,1,1,0,No,Married,No
EMP4591,43,Female,53835.0,Human Resources,Sales Executive,15,1.0,3.0,3,1,4,Yes,Married,No
EMP4592,46,Female,40633.0,Sales,Research Scientist,2,10.0,2.0,3,1,5,No,Divorced,No
EMP4593,34,Male,64927.0,Research & Development,Manager,4,3.0,3.0,4,1,3,Yes,Married,No
EMP4594,31,Male,54663.0,Sales,Manager,5,4.0,2.0,1,1,2,Yes,Single,Yes
EMP4595,42,Female,79510.0,Research & Development,Manager,22,1.0,1.0,3,4,5,No,Married,Yes
EMP4596,26,Female,67004.0,Sales,Manufacturing Director,11,2.0,4.0,2,4,0,No,Married,No
EMP4597,51,Male,32152.0,Research & Development,Sales Executive,13,2.0,3.0,4,4,5,Yes,Single,Yes
EMP4598,29,Male,74814.0,Sales,Research Scientist,16,1.0,1.0,4,4,1,No,Single,No
EMP4599,47,Female,36037.0,Research & Development,Sales Executive,11,3.0,1.0,1,2,2,No,Married,No
EMP4600,46,Male,64052.0,Research & Development,Manager,4,0.0,2.0,3,2,1,No,Single,No
EMP4601,50,Female,44170.0,Research & Development,Research Scientist,14,2.0,4.0,3,3,5,No,Single,No
EMP4602,41,Female,84130.0,Research & Development,Manager,10,6.0,2.0,2,4,2,No,Single,No
EMP4603,26,Female,71086.0,Human Resources,Laboratory Technician,17,7.0,4.0,2,3,2,No,Married,No
EMP4604,21,Male,39762.0,Research & Development,Research Scientist,19,0.0,2.0,1,3,3,Yes,Single,No
EMP4605,21,Female,46508.0,Human Resources,Laboratory Technician,22,4.0,1.0,2,4,1,No,Married,No
EMP4606,25,Female,126925.0,Sales,Manager,15,14.0,,1,4,2,Yes,Divorced,No
EMP4607,54,Female,27259.0,Research & Development,Manufacturing Director,27,4.0,2.0,3,3,1,Yes,Married,No
EMP4608,24,Male,39162.0,Research & Development,Research Scientist,29,2.0,1.0,3,4,4,No,Single,No
EMP4609,38,Male,40238.0,Human Resources,Research Scientist,20,16.0,3.0,3,3,0,No,Married,No
EMP4610,39,Female,29503.0,Sales,Manufacturing Director,28,11.0,4.0,4,3,3,No,Single,No
EMP4611,45,Female,31815.0,Human Resources,Manufacturing Director,29,14.0,4.0,2,4,2,No,Divorced,No
EMP4612,24,Male,52609.0,Research & Development,Manufacturing Director,25,2.0,2.0,1,3,0,No,Single,No
EMP4613,22,Male,65484.0,Research & Development,Manufacturing Director,5,2.0,4.0,2,3,5,Yes,Single,No
EMP4614,53,Male,19951.0,Research & Development,Research Scientist,20,3.0,4.0,2,4,2,Yes,Single,Yes
EMP4615,48,Female,43968.0,Sales,Research Scientist,5,15.0,2.0,2,3,1,Yes,Divorced,No
EMP4616,44,Male,37312.0,Sales,Manager,9,2.0,2.0,4,2,0,No,Single,No
EMP4617,24,Male,29249.0,Sales,HR Executive,23,2.0,2.0,4,2,5,No,Single,No
EMP4618,48,Female,76907.0,Research & Development,HR Executive,16,0.0,2.0,3,2,5,No,Single,No
EMP4619,51,Male,38170.0,Research & Development,Manufacturing Director,19,1.0,1.0,4,4,0,No,Divorced,No
EMP4620,53,Female,24862.0,Research & Development,Manufacturing Director,12,0.0,4.0,2,4,1,No,Married,No
EMP4621,22,Female,74363.0,Research & Development,Research Scientist,26,4.0,2.0,2,2,0,No,Divorced,No
EMP4622,42,Female,82527.0,Research & Development,Research Scientist,11,1.0,1.0,4,2,4,Yes,Divorced,No
EMP4623,23,Female,60228.0,Sales,Manager,20,4.0,4.0,2,3,0,Yes,Married,No
EMP4624,33,Male,34301.0,Sales,Research Scientist,23,4.0,1.0,2,2,2,Yes,Single,Yes
EMP4625,33,Male,48891.0,Research & Development,HR Executive,1,0.0,4.0,4,3,3,Yes,Divorced,No
EMP4626,25,Female,40589.0,Research & Development,HR Executive,25,3.0,1.0,4,1,5,Yes,Married,No
EMP4627,28,Female,53913.0,,HR Executive,20,3.0,2.0,4,3,5,Yes,Married,No
EMP4628,57,Female,70750.0,Human Resources,Sales Executive,6,4.0,3.0,3,1,2,No,Married,No
EMP4629,59,Male,54445.0,Research & Development,HR Executive,7,7.0,1.0,3,2,1,No,Married,No
EMP4630,40,Female,54922.0,Sales,Research Scientist,3,4.0,3.0,3,3,3,Yes,Divorced,No
EMP4631,38,Male,43712.0,Research & Development,Laboratory Technician,13,0.0,3.0,3,2,2,Yes,Divorced,No
EMP4632,58,Male,69627.0,Sales,Manager,2,3.0,4.0,1,4,2,Yes,Married,No
EMP4633,38,Male,63102.0,Research & Development,Sales Executive,21,6.0,2.0,1,1,5,No,Single,No
EMP4634,37,Male,14560.0,Human Resources,HR Executive,3,1.0,4.0,4,2,2,No,Divorced,No
EMP4635,21,Male,15807.0,,HR Executive,20,10.0,4.0,1,4,3,No,Single,No
EMP4636,25,Male,47704.0,Human Resources,Laboratory Technician,22,10.0,4.0,3,2,3,No,Married,No
EMP4637,39,Female,76355.0,Sales,Laboratory Technician,12,1.0,3.0,2,1,2,Yes,Single,No
EMP4638,32,Male,80666.0,Research & Development,Research Scientist,11,9.0,1.0,3,3,5,No,Married,No
EMP4639,22,Female,71785.0,Research & Development,Manager,21,5.0,3.0,2,4,2,Yes,Married,No
EMP4640,49,Female,51685.0,Sales,Manufacturing Director,27,3.0,3.0,2,4,3,No,Married,No
EMP4641,45,Female,87228.0,Research & Development,Laboratory Technician,28,10.0,2.0,3,4,4,No,Divorced,No
EMP4642,22,Male,39105.0,Research & Development,Manufacturing Director,19,6.0,3.0,4,2,4,No,Divorced,No
EMP4643,59,Female,47498.0,Research & Development,Laboratory Technician,7,4.0,,4,4,2,No,Married,No
EMP4644,30,Female,23739.0,Research & Development,Sales Executive,11,7.0,3.0,1,1,0,No,Single,Yes
EMP4645,33,Male,47403.0,Sales,Manufacturing Director,4,4.0,3.0,4,1,3,No,Married,No
EMP4646,26,Female,36042.0,Human Resources,Laboratory Technician,1,10.0,3.0,4,4,0,No,Married,No
EMP4647,52,Female,88833.0,Research & Development,Manager,4,4.0,3.0,2,1,4,Yes,Married,No
EMP4648,58,Male,84502.0,Research & Development,Laboratory Technician,23,10.0,2.0,3,3,5,No,Divorced,No
EMP4649,58,Female,56392.0,Human Resources,Manager,14,5.0,3.0,3,3,0,Yes,Married,No
EMP4650,23,Male,65273.0,Research & Development,HR Executive,17,9.0,1.0,3,1,0,No,Single,No
EMP4651,58,Female,41707.0,Research & Development,Manufacturing Director,9,3.0,4.0,4,1,4,No,Married,No
EMP4652,22,Male,12000.0,Research & Development,Manufacturing Director,2,2.0,4.0,2,1,4,No,Single,No
EMP4653,49,Male,38226.0,Research & Development,Research Scientist,14,12.0,2.0,1,4,5,No,Single,No
EMP4654,46,Male,71455.0,Research & Development,Sales Executive,13,6.0,1.0,4,1,0,No,Married,No
EMP4655,54,Male,64639.0,Research & Development,HR Executive,3,3.0,1.0,1,3,0,No,Single,No
EMP4656,41,Female,46374.0,Human Resources,Research Scientist,20,2.0,3.0,1,4,2,No,Married,No
EMP4657,34,Male,71269.0,Sales,Laboratory Technician,8,0.0,1.0,4,4,0,No,Married,No
EMP4658,46,Male,44642.0,Research & Development,HR Executive,15,0.0,1.0,4,2,5,Yes,Single,No
EMP4659,43,Male,29885.0,Research & Development,Manager,11,5.0,3.0,1,4,3,No,Married,No
EMP4660,27,Male,71271.0,Sales,Manager,3,1.0,2.0,4,2,4,No,Married,No
EMP4661,46,Female,41540.0,Research & Development,HR Executive,28,1.0,2.0,3,4,4,Yes,Married,No
EMP4662,47,Female,77585.0,Research & Development,Manager,19,2.0,2.0,4,2,3,No,Divorced,No
EMP4663,28,Male,12000.0,Research & Development,Manufacturing Director,9,2.0,3.0,2,1,2,Yes,Divorced,No
EMP4664,45,Male,42470.0,Sales,Research Scientist,7,2.0,2.0,2,3,1,No,Single,No
EMP4665,32,Female,68138.0,Sales,Laboratory Technician,2,13.0,1.0,2,4,5,No,Married,No
EMP4666,41,Male,65865.0,Sales,Laboratory Technician,23,4.0,2.0,3,3,3,No,Single,No
EMP4667,34,Female,50135.0,Research & Development,HR Executive,10,5.0,4.0,4,1,0,No,Single,No
EMP4668,46,Male,61321.0,Research & Development,Manufacturing Director,7,1.0,3.0,4,4,1,No,Married,No
EMP4669,22,Male,58083.0,Research & Development,Laboratory Technician,28,9.0,3.0,2,4,0,No,Single,No
EMP4670,27,Female,22241.0,Research & Development,Manufacturing Director,29,0.0,2.0,1,4,5,No,Married,No
EMP4671,38,Female,47000.0,Research & Development,Manager,13,12.0,1.0,2,3,0,No,Married,No
EMP4672,46,Male,,Research & Development,Research Scientist,18,2.0,3.0,2,2,5,Yes,Married,No
EMP4673,51,Male,66137.0,Research & Development,Manufacturing Director,24,6.0,2.0,1,1,4,Yes,Divorced,Yes
EMP4674,27,Male,53567.0,Research & Development,Research Scientist,18,3.0,1.0,4,4,0,No,Divorced,No
EMP4675,45,Female,42857.0,Research & Development,HR Executive,8,1.0,2.0,1,2,0,Yes,Married,Yes
EMP4676,59,Female,25641.0,Sales,Manufacturing Director,23,2.0,1.0,3,3,5,No,Married,No
EMP4677,45,Male,71561.0,Human Resources,HR Executive,4,7.0,4.0,2,3,3,No,Single,No
EMP4678,22,Female,,,Manager,16,1.0,4.0,3,4,5,No,Single,No
EMP4679,44,Female,76719.0,Human Resources,Manufacturing Director,15,3.0,4.0,3,2,5,Yes,Single,No
EMP4680,35,Male,31276.0,Research & Development,Research Scientist,18,5.0,4.0,4,4,0,No,Divorced,No
EMP4681,20,Male,57684.0,Research & Development,Research Scientist,21,4.0,4.0,1,3,0,No,Married,No
EMP4682,36,Male,39770.0,Research & Development,Manager,2,1.0,2.0,2,1,4,No,Married,No
EMP4683,20,Male,56022.0,Research & Development,HR Executive,25,11.0,2.0,2,1,0,Yes,Married,No
EMP4684,24,Male,118947.0,Research & Development,Research Scientist,9,13.0,1.0,4,3,4,Yes,Married,No
EMP4685,26,Male,,Research & Development,Manager,7,0.0,4.0,2,2,5,Yes,Divorced,No
EMP4686,29,Male,38376.0,Human Resources,HR Executive,16,2.0,1.0,3,1,2,No,Single,No
EMP4687,56,Male,49442.0,Research & Development,Manager,29,1.0,2.0,4,3,1,No,Divorced,No
EMP4688,29,Male,47034.0,Research & Development,Sales Executive,25,6.0,,4,4,5,No,Married,No
EMP4689,54,Male,57726.0,,Manufacturing Director,15,13.0,3.0,2,1,2,Yes,Single,No
EMP4690,26,Male,21473.0,Sales,Laboratory Technician,18,8.0,4.0,3,4,1,Yes,Married,No
EMP4691,43,Male,62121.0,Sales,Laboratory Technician,15,4.0,3.0,4,3,3,No,Married,No
EMP4692,33,Female,12000.0,Research & Development,Manager,20,9.0,4.0,2,4,2,Yes,Single,No
EMP4693,35,Female,18200.0,Research & Development,Research Scientist,25,2.0,2.0,4,3,4,Yes,Single,No
EMP4694,40,Female,99037.0,Sales,Sales Executive,5,6.0,4.0,2,2,5,No,Married,No
EMP4695,58,Female,47063.0,Research & Development,Manufacturing Director,12,5.0,1.0,1,4,1,Yes,Married,No
EMP4696,47,Male,86377.0,Sales,HR Executive,17,3.0,2.0,4,3,1,No,Married,No
EMP4697,22,Male,37176.0,Sales,Research Scientist,22,1.0,1.0,2,4,5,No,Married,No
EMP4698,57,Female,12000.0,Research & Development,Manager,3,12.0,2.0,2,2,5,No,Married,No
EMP4699,23,Male,31885.0,Human Resources,HR Executive,17,6.0,4.0,3,3,4,Yes,Divorced,No
EMP4700,38,Male,114136.0,Sales,Manufacturing Director,23,2.0,3.0,1,3,0,No,Divorced,No
EMP4701,44,Female,23965.0,Research & Development,Manufacturing Director,4,3.0,3.0,2,3,0,Yes,Single,No
EMP4702,41,Male,94083.0,Research & Development,Sales Executive,5,7.0,1.0,3,4,1,No,Single,No
EMP4703,41,Male,62595.0,Research & Development,HR Executive,1,14.0,4.0,4,3,0,No,Married,No
EMP4704,48,Female,57636.0,Research & Development,Sales Executive,25,4.0,4.0,1,4,2,No,Single,No
EMP4705,59,Female,38531.0,Research & Development,Manager,28,4.0,3.0,4,2,4,Yes,Married,No
EMP4706,28,Male,35173.0,Research & Development,Manager,14,1.0,2.0,1,1,4,Yes,Single,Yes
EMP4707,52,Male,67410.0,Sales,Manufacturing Director,26,8.0,1.0,3,4,2,No,Single,No
EMP4708,20,Male,84024.0,Research & Development,Manager,18,5.0,2.0,2,3,2,No,Married,No
EMP4709,57,Male,59318.0,Sales,Laboratory Technician,29,2.0,1.0,1,2,2,Yes,Single,Yes
EMP4710,35,Male,71271.0,Research & Development,Manager,4,0.0,3.0,4,1,4,Yes,Single,Yes
EMP4711,48,Male,45637.0,Research & Development,Sales Executive,20,4.0,3.0,1,1,1,No,Divorced,No
EMP4712,30,Female,102808.0,Research & Development,Sales Executive,22,2.0,1.0,2,2,0,No,Single,No
EMP4713,57,Female,60249.0,Research & Development,HR Executive,19,1.0,2.0,2,2,4,No,Married,No
EMP4714,41,Female,99730.0,Research & Development,Laboratory Technician,15,5.0,3.0,3,3,3,Yes,Married,No
EMP4715,47,Female,33766.0,Sales,HR Executive,7,4.0,1.0,1,2,0,No,Single,No
EMP4716,29,Female,54010.0,Research & Development,Laboratory Technician,5,0.0,4.0,1,1,3,No,Single,No
EMP4717,41,Male,78573.0,Research & Development,Manufacturing Director,19,9.0,2.0,4,4,2,Yes,Single,No
EMP4718,50,Female,58124.0,Research & Development,Research Scientist,17,5.0,3.0,1,2,5,Yes,Married,No
EMP4719,43,Female,66390.0,Research & Development,Laboratory Technician,15,0.0,3.0,2,2,4,No,Divorced,No
EMP4720,26,Female,33489.0,Research & Development,Research Scientist,2,4.0,3.0,3,4,2,Yes,Married,No
EMP4721,56,Male,46079.0,Research & Development,Sales Executive,11,8.0,3.0,3,2,5,Yes,Married,No
EMP4722,29,Male,35743.0,Research & Development,Sales Executive,26,6.0,,1,2,4,Yes,Married,No
EMP4723,24,Female,53118.0,Research & Development,Sales Executive,20,2.0,1.0,3,2,1,No,Married,No
EMP4724,45,Male,50855.0,Human Resources,Sales Executive,23,6.0,2.0,1,4,3,No,Married,No
EMP4725,42,Male,43361.0,Sales,Laboratory Technician,3,10.0,4.0,1,3,3,No,Divorced,No
EMP4726,38,Female,68912.0,,Laboratory Technician,14,7.0,2.0,1,2,4,No,Married,No
EMP4727,35,Female,31566.0,Human Resources,HR Executive,15,3.0,4.0,3,2,0,Yes,Married,No
EMP4728,20,Male,12000.0,Research & Development,HR Executive,23,3.0,3.0,1,2,5,No,Single,No
EMP4729,46,Female,42425.0,Research & Development,Manager,22,0.0,4.0,4,3,1,No,Married,No
EMP4730,28,Female,102353.0,Sales,Manager,3,2.0,1.0,1,1,3,Yes,Married,No
EMP4731,44,Male,66218.0,Research & Development,Research Scientist,25,2.0,1.0,2,4,0,No,Married,No
EMP4732,55,Female,36383.0,Research & Development,Research Scientist,2,1.0,2.0,2,2,0,Yes,Divorced,No
EMP4733,35,Female,64791.0,Research & Development,Research Scientist,15,1.0,4.0,3,3,4,No,Single,No
EMP4734,42,Female,52049.0,Research & Development,Laboratory Technician,8,9.0,3.0,2,4,4,Yes,Married,No
EMP4735,47,Female,63528.0,Sales,Laboratory Technician,11,0.0,3.0,1,2,2,Yes,Divorced,No
EMP4736,43,Male,74376.0,Research & Development,Research Scientist,13,4.0,1.0,3,3,0,Yes,Single,No
EMP4737,41,Female,59257.0,,Laboratory Technician,17,2.0,1.0,3,3,5,Yes,Married,No
EMP4738,38,Male,57652.0,Research & Development,Sales Executive,1,22.0,1.0,3,3,1,Yes,Married,No
EMP4739,27,Male,87703.0,Research & Development,Manufacturing Director,4,4.0,3.0,4,2,0,No,Married,No
EMP4740,46,Male,66873.0,Sales,HR Executive,20,9.0,4.0,4,3,1,No,Divorced,No
EMP4741,45,Female,59286.0,Research & Development,Manufacturing Director,3,8.0,4.0,3,3,4,No,Married,No
EMP4742,36,Female,55929.0,Research & Development,Research Scientist,8,10.0,4.0,2,2,1,No,Married,No
EMP4743,21,Male,42550.0,Research & Development,Manager,24,5.0,2.0,1,4,3,No,Married,No
EMP4744,20,Male,27598.0,Sales,HR Executive,7,8.0,3.0,1,1,0,No,Single,No
EMP4745,52,Female,69749.0,Research & Development,Laboratory Technician,4,2.0,1.0,2,4,4,No,Single,No
EMP4746,24,Male,83085.0,Human Resources,Manufacturing Director,14,16.0,2.0,2,2,5,No,Married,No
EMP4747,56,Male,64412.0,Sales,Research Scientist,13,2.0,1.0,4,4,5,No,Divorced,No
EMP4748,22,Male,67451.0,Sales,Research Scientist,4,2.0,4.0,1,1,5,No,Married,No
EMP4749,23,Female,35484.0,Sales,Manager,12,12.0,3.0,3,2,5,No,Married,No
EMP4750,28,Female,41884.0,Research & Development,Laboratory Technician,25,1.0,4.0,2,1,5,No,Single,No
EMP4751,30,Female,26800.0,Sales,Manager,29,8.0,4.0,2,4,4,Yes,Single,No
EMP4752,32,Male,49511.0,Human Resources,Manufacturing Director,2,9.0,3.0,3,3,4,Yes,Single,No
EMP4753,25,Female,76630.0,Research & Development,Research Scientist,21,5.0,1.0,3,2,1,No,Divorced,No
EMP4754,24,Female,39657.0,Research & Development,HR Executive,20,2.0,1.0,4,3,1,No,Married,No
EMP4755,50,Female,53357.0,Sales,Research Scientist,23,3.0,1.0,1,1,4,No,Married,No
EMP4756,57,Female,70454.0,Research & Development,Sales Executive,23,12.0,4.0,2,3,1,Yes,Single,No
EMP4757,22,Female,81579.0,Research & Development,HR Executive,20,7.0,4.0,4,3,5,No,Married,No
EMP4758,44,Male,,Research & Development,Manager,26,5.0,3.0,4,4,4,Yes,Single,Yes
EMP4759,41,Female,44513.0,Research & Development,Manager,8,0.0,4.0,2,3,2,No,Divorced,No
EMP4760,47,Female,38758.0,Research & Development,Laboratory Technician,4,8.0,1.0,2,2,3,No,Single,No
EMP4761,35,Female,,Human Resources,Laboratory Technician,11,2.0,4.0,1,4,2,No,Single,No
EMP4762,29,Female,46575.0,,HR Executive,6,13.0,1.0,1,4,1,Yes,Single,No
EMP4763,50,Male,,Research & Development,Manager,6,9.0,1.0,1,4,2,No,Single,No
EMP4764,45,Female,46913.0,Sales,Sales Executive,2,7.0,4.0,1,3,3,No,Single,Yes
EMP4765,45,Female,55770.0,Research & Development,Manager,16,4.0,4.0,1,4,4,No,Divorced,No
EMP4766,25,Female,32051.0,Research & Development,Sales Executive,24,5.0,1.0,2,3,2,No,Divorced,No
EMP4767,41,Male,44402.0,Research & Development,Research Scientist,3,20.0,2.0,3,3,1,No,Married,No
EMP4768,57,Male,55430.0,Sales,Manufacturing Director,20,3.0,4.0,3,4,0,No,Divorced,No
EMP4769,40,Female,,Research & Development,Manufacturing Director,27,7.0,3.0,3,3,0,No,Married,No
EMP4770,55,Female,19043.0,Sales,Manufacturing Director,14,3.0,2.0,3,3,3,No,Divorced,No
EMP4771,51,Male,70406.0,Research & Development,Sales Executive,6,19.0,2.0,3,1,1,No,Single,No
EMP4772,35,Male,70935.0,Sales,Manufacturing Director,20,1.0,2.0,2,1,3,Yes,Married,Yes
EMP4773,39,Male,38666.0,Research & Development,Research Scientist,7,4.0,4.0,2,1,3,No,Single,No
EMP4774,32,Female,91915.0,Research & Development,Research Scientist,4,0.0,3.0,2,2,4,Yes,Divorced,No
EMP4775,36,Male,65028.0,Sales,Manager,15,4.0,2.0,4,1,0,Yes,Married,No
EMP4776,27,Female,,Research & Development,Laboratory Technician,1,14.0,4.0,3,3,5,Yes,Single,No
EMP4777,21,Female,70027.0,Research & Development,Laboratory Technician,10,4.0,4.0,4,2,5,No,Single,No
EMP4778,49,Male,32274.0,Research & Development,Manufacturing Director,23,10.0,1.0,2,1,2,Yes,Married,No
EMP4779,30,Male,47224.0,Research & Development,Manager,5,8.0,4.0,3,4,3,No,Married,No
EMP4780,55,Female,68587.0,Research & Development,Research Scientist,15,0.0,4.0,3,2,5,No,Married,No
EMP4781,34,Female,37449.0,Research & Development,Manufacturing Director,29,8.0,4.0,3,3,0,Yes,Married,No
EMP4782,45,Male,47246.0,Research & Development,HR Executive,7,6.0,1.0,1,1,5,No,Married,No
EMP4783,43,Male,68222.0,Research & Development,Research Scientist,9,1.0,2.0,1,3,4,Yes,Married,No
EMP4784,30,Male,61817.0,Research & Development,Sales Executive,21,8.0,,3,4,4,Yes,Married,No
EMP4785,46,Male,55460.0,Sales,Sales Executive,22,7.0,2.0,4,1,1,Yes,Divorced,No
EMP4786,37,Female,56377.0,Sales,Research Scientist,15,10.0,2.0,2,1,5,No,Married,No
EMP4787,58,Female,51152.0,Human Resources,Sales Executive,22,0.0,1.0,1,3,4,No,Married,No
EMP4788,35,Female,73761.0,Sales,Manufacturing Director,19,4.0,2.0,4,3,5,Yes,Married,No
EMP4789,31,Male,100981.0,Research & Development,Sales Executive,8,14.0,2.0,4,3,5,No,Married,No
EMP4790,20,Female,61439.0,Sales,Manufacturing Director,24,0.0,2.0,4,2,4,Yes,Divorced,No
EMP4791,41,Female,83205.0,Sales,HR Executive,9,0.0,1.0,2,2,3,No,Married,No
EMP4792,40,Female,45392.0,Sales,Sales Executive,20,4.0,1.0,3,1,2,No,Married,No
EMP4793,50,Female,40005.0,Research & Development,Laboratory Technician,16,5.0,3.0,1,1,1,Yes,Married,Yes
EMP4794,27,Female,37660.0,Research & Development,Sales Executive,16,3.0,1.0,1,3,0,Yes,Married,No
EMP4795,32,Female,,Research & Development,Research Scientist,25,1.0,4.0,1,3,2,No,Single,Yes
EMP4796,29,Male,48542.0,Research & Development,Research Scientist,27,8.0,1.0,2,3,3,No,Divorced,No
EMP4797,41,Female,74494.0,Research & Development,HR Executive,22,2.0,4.0,4,1,3,No,Single,No
EMP4798,30,Male,77065.0,Research & Development,Research Scientist,18,5.0,3.0,1,4,2,No,Single,No
EMP4799,36,Male,43788.0,Sales,HR Executive,9,8.0,2.0,3,3,2,Yes,Married,No
EMP4800,57,Female,47874.0,Research & Development,HR Executive,21,3.0,4.0,4,1,2,No,Single,No
EMP4801,35,Female,54955.0,Research & Development,Manufacturing Director,2,1.0,2.0,2,4,4,Yes,Single,No
EMP4802,58,Female,60150.0,Research & Development,Manager,3,11.0,1.0,1,3,5,Yes,Divorced,No
EMP4803,22,Female,,Sales,Laboratory Technician,18,2.0,3.0,4,1,1,No,Married,Yes
EMP4804,38,Male,46219.0,Research & Development,HR Executive,8,15.0,2.0,4,2,3,No,Divorced,No
EMP4805,20,Female,50591.0,Research & Development,HR Executive,14,3.0,4.0,2,1,5,No,Single,No
EMP4806,42,Male,84803.0,,Research Scientist,28,4.0,3.0,4,1,2,Yes,Single,Yes
EMP4807,31,Female,48871.0,Research & Development,Research Scientist,10,1.0,1.0,4,3,2,Yes,Single,No
EMP4808,27,Female,42359.0,Research & Development,Manager,13,1.0,,3,1,3,No,Single,No
EMP4809,56,Female,53118.0,Research & Development,Manufacturing Director,19,2.0,2.0,4,1,3,No,Married,No
EMP4810,46,Male,56719.0,Research & Development,Manager,22,2.0,1.0,3,2,5,No,Divorced,Yes
EMP4811,27,Female,21101.0,Research & Development,Manufacturing Director,28,2.0,1.0,4,3,0,No,Married,Yes
EMP4812,48,Male,45239.0,Research & Development,Manager,10,5.0,1.0,1,2,4,No,Married,No
EMP4813,22,Female,64239.0,Research & Development,Manager,27,8.0,4.0,1,1,1,Yes,Married,Yes
EMP4814,40,Female,,Research & Development,Laboratory Technician,7,4.0,2.0,1,3,2,No,Single,No
EMP4815,44,Female,43365.0,Sales,Manager,20,1.0,2.0,4,1,2,Yes,Single,No
EMP4816,25,Male,71827.0,Human Resources,Sales Executive,3,4.0,2.0,2,1,3,Yes,Married,No
EMP4817,58,Male,58943.0,,Manager,28,3.0,4.0,3,3,4,Yes,Single,No
EMP4818,23,Male,80520.0,Sales,Laboratory Technician,23,7.0,3.0,3,1,1,No,Married,No
EMP4819,22,Female,41385.0,Research & Development,Manager,12,3.0,4.0,2,4,5,Yes,Married,No
EMP4820,39,Male,79270.0,Research & Development,Manufacturing Director,27,11.0,3.0,3,4,5,No,Married,No
EMP4821,49,Female,85846.0,Research & Development,Laboratory Technician,3,0.0,4.0,4,2,0,No,Single,No
EMP4822,41,Female,86781.0,Sales,HR Executive,11,0.0,4.0,4,3,3,No,Married,No
EMP4823,24,Female,86403.0,Research & Development,HR Executive,14,4.0,3.0,1,1,5,Yes,Married,No
EMP4824,23,Male,59199.0,Research & Development,Research Scientist,20,8.0,2.0,2,4,0,No,Married,No
EMP4825,25,Male,67869.0,Research & Development,Manufacturing Director,20,1.0,4.0,1,2,1,No,Single,No
EMP4826,59,Male,45769.0,Sales,Manager,2,7.0,3.0,3,4,2,No,Married,No
EMP4827,57,Male,12000.0,Research & Development,HR Executive,24,1.0,2.0,3,1,5,Yes,Married,Yes
EMP4828,23,Female,60629.0,Research & Development,Sales Executive,5,5.0,2.0,1,1,3,No,Divorced,No
EMP4829,48,Female,51458.0,Sales,Research Scientist,28,4.0,2.0,3,1,0,No,Married,No
EMP4830,52,Female,76187.0,Research & Development,Manufacturing Director,12,1.0,2.0,1,3,3,No,Married,No
EMP4831,42,Male,73963.0,Research & Development,Manager,15,0.0,2.0,3,2,3,Yes,Married,No
EMP4832,26,Female,31632.0,Research & Development,Sales Executive,12,2.0,3.0,4,1,3,No,Married,No
EMP4833,26,Male,106461.0,Human Resources,Manager,11,4.0,3.0,3,4,4,No,Married,No
EMP4834,47,Female,63539.0,,Manufacturing Director,14,3.0,1.0,4,2,0,No,Married,No
EMP4835,42,Female,26748.0,Research & Development,Sales Executive,9,13.0,1.0,4,4,2,Yes,Married,No
EMP4836,26,Female,29829.0,Research & Development,Research Scientist,27,2.0,3.0,3,2,0,Yes,Divorced,No
EMP4837,22,Male,12000.0,Sales,Laboratory Technician,18,4.0,3.0,1,3,5,No,Married,No
EMP4838,37,Male,71800.0,Research & Development,Laboratory Technician,14,1.0,1.0,3,4,5,Yes,Single,No
EMP4839,35,Female,43409.0,Research & Development,Sales Executive,21,4.0,4.0,2,4,5,No,Single,No
EMP4840,59,Male,36511.0,Research & Development,Research Scientist,2,1.0,4.0,4,3,1,No,Single,No
EMP4841,48,Male,40833.0,Human Resources,Manager,19,13.0,1.0,2,3,1,Yes,Divorced,No
EMP4842,36,Female,48387.0,Sales,Manager,5,3.0,1.0,3,4,2,Yes,Single,Yes
EMP4843,42,Male,67664.0,Research & Development,Sales Executive,6,3.0,1.0,4,4,0,Yes,Divorced,Yes
EMP4844,40,Male,18822.0,Research & Development,HR Executive,20,2.0,3.0,3,2,5,No,Married,Yes
EMP4845,47,Female,31464.0,Research & Development,Laboratory Technician,13,1.0,4.0,1,4,1,No,Divorced,No
EMP4846,43,Male,65231.0,Sales,Manufacturing Director,6,2.0,2.0,4,1,4,Yes,Married,No
EMP4847,24,Female,41930.0,Research & Development,Manufacturing Director,3,8.0,4.0,2,3,0,No,Divorced,No
EMP4848,40,Female,67810.0,Sales,Manager,18,17.0,1.0,3,4,0,No,Married,No
EMP4849,50,Female,44056.0,Research & Development,Sales Executive,16,5.0,1.0,4,1,4,No,Single,No
EMP4850,56,Female,89646.0,Human Resources,Sales Executive,7,4.0,2.0,4,4,0,Yes,Married,No
EMP4851,58,Male,59591.0,Research & Development,Research Scientist,7,16.0,2.0,3,4,0,No,Single,No
EMP4852,46,Male,81978.0,Sales,Laboratory Technician,22,7.0,4.0,3,1,1,No,Single,No
EMP4853,56,Female,66391.0,Research & Development,Laboratory Technician,26,10.0,2.0,1,4,2,Yes,Single,No
EMP4854,20,Female,67722.0,Sales,HR Executive,28,1.0,2.0,4,3,1,No,Single,No
EMP4855,23,Male,38447.0,Sales,Manager,24,3.0,1.0,4,2,1,No,Married,No
EMP4856,27,Male,80682.0,,Research Scientist,7,5.0,2.0,1,2,1,Yes,Married,No
EMP4857,23,Male,59747.0,Research & Development,Manufacturing Director,22,0.0,1.0,1,2,5,No,Divorced,No
EMP4858,46,Female,34016.0,Research & Development,Manufacturing Director,12,9.0,2.0,4,2,4,Yes,Married,No
EMP4859,40,Male,12000.0,Research & Development,Manager,4,0.0,1.0,3,2,1,No,Married,No
EMP4860,41,Female,58079.0,Research & Development,Research Scientist,5,0.0,2.0,1,2,3,No,Married,No
EMP4861,40,Male,88173.0,Research & Development,Manufacturing Director,13,0.0,3.0,1,4,4,No,Married,No
EMP4862,39,Female,35043.0,Research & Development,HR Executive,9,5.0,4.0,3,1,1,No,Married,No
EMP4863,54,Female,34302.0,Research & Development,Sales Executive,6,7.0,2.0,3,4,3,No,Divorced,No
EMP4864,28,Female,48042.0,Sales,Research Scientist,23,7.0,4.0,3,2,0,No,Single,No
EMP4865,34,Female,79227.0,Sales,Research Scientist,2,7.0,2.0,2,2,2,No,Single,No
EMP4866,23,Male,14591.0,Sales,Manager,28,11.0,1.0,4,2,3,Yes,Married,No
EMP4867,40,Female,40696.0,Research & Development,Manufacturing Director,12,1.0,2.0,4,1,4,Yes,Single,No
EMP4868,33,Male,32873.0,Research & Development,Sales Executive,10,2.0,1.0,1,3,2,No,Single,No
EMP4869,28,Female,67366.0,Research & Development,Sales Executive,10,0.0,1.0,3,1,0,No,Single,No
EMP4870,41,Male,51860.0,Sales,HR Executive,20,15.0,3.0,3,4,4,No,Single,No
EMP4871,57,Male,47375.0,Research & Development,Laboratory Technician,27,4.0,3.0,2,4,4,No,Single,No
EMP4872,50,Female,51038.0,Sales,Sales Executive,8,5.0,,3,2,0,No,Married,No
EMP4873,24,Female,72266.0,,Laboratory Technician,27,3.0,3.0,4,2,1,No,Divorced,No
EMP4874,34,Male,79675.0,Research & Development,Sales Executive,27,17.0,1.0,4,2,1,No,Married,No
EMP4875,56,Female,77542.0,Research & Development,Manufacturing Director,28,2.0,4.0,4,4,0,No,Single,No
EMP4876,28,Male,67659.0,Human Resources,Manufacturing Director,18,3.0,2.0,3,4,4,No,Single,No
EMP4877,55,Male,85446.0,Research & Development,Laboratory Technician,1,33.0,1.0,2,1,5,No,Divorced,No
EMP4878,55,Female,34504.0,Research & Development,HR Executive,10,1.0,3.0,1,1,5,Yes,Married,No
EMP4879,22,Male,63529.0,Research & Development,Manufacturing Director,16,2.0,1.0,2,1,1,No,Married,Yes
EMP4880,59,Male,106669.0,Sales,Sales Executive,24,15.0,4.0,4,2,1,No,Married,No
EMP4881,51,Male,14592.0,Sales,Manager,1,0.0,3.0,2,2,1,No,Single,No
EMP4882,39,Male,43247.0,Research & Development,Research Scientist,17,0.0,1.0,4,2,2,No,Single,No
EMP4883,33,Female,32211.0,Sales,Research Scientist,18,4.0,2.0,3,2,0,No,Married,No
EMP4884,38,Male,61352.0,Research & Development,Manager,2,9.0,4.0,1,3,1,No,Married,No
EMP4885,28,Female,86632.0,Sales,Sales Executive,15,1.0,3.0,4,4,4,Yes,Divorced,No
EMP4886,51,Male,66825.0,Research & Development,Manufacturing Director,13,3.0,3.0,2,4,3,Yes,Single,No
EMP4887,36,Female,50219.0,Research & Development,Laboratory Technician,13,6.0,3.0,1,1,4,No,Single,No
EMP4888,37,Female,67005.0,Sales,Manufacturing Director,22,21.0,2.0,3,4,2,No,Divorced,No
EMP4889,56,Female,48626.0,Sales,Sales Executive,2,10.0,2.0,2,3,0,No,Divorced,No
EMP4890,21,Female,59276.0,Research & Development,HR Executive,22,3.0,2.0,4,4,5,No,Single,No
EMP4891,35,Male,68609.0,Sales,Laboratory Technician,4,2.0,2.0,4,4,3,No,Married,No
EMP4892,44,Male,93562.0,Sales,HR Executive,21,1.0,2.0,4,1,5,No,Married,No
EMP4893,29,Male,64888.0,,Manager,10,0.0,2.0,4,4,5,No,Single,No
EMP4894,26,Male,59789.0,Research & Development,Manager,16,12.0,4.0,4,4,0,Yes,Divorced,No
EMP4895,40,Female,99779.0,Research & Development,Manager,8,1.0,2.0,1,4,4,No,Single,No
EMP4896,27,Female,12000.0,Research & Development,Laboratory Technician,29,8.0,1.0,4,4,3,Yes,Single,Yes
EMP4897,36,Female,52976.0,Research & Development,Laboratory Technician,6,0.0,1.0,1,1,4,No,Married,No
EMP4898,23,Female,38692.0,Research & Development,Manufacturing Director,12,3.0,1.0,2,2,4,No,Married,No
EMP4899,20,Male,49755.0,Human Resources,Manufacturing Director,25,0.0,1.0,4,3,0,No,Divorced,No
EMP4900,49,Female,68287.0,Research & Development,Manager,12,2.0,4.0,4,2,0,Yes,Married,No
EMP4901,27,Female,76575.0,Human Resources,Sales Executive,1,7.0,3.0,4,3,1,No,Single,No
EMP4902,21,Female,43551.0,Research & Development,Sales Executive,6,14.0,2.0,1,3,1,No,Married,No
EMP4903,20,Male,69721.0,Sales,Manufacturing Director,7,0.0,1.0,3,4,3,Yes,Single,No
EMP4904,42,Female,35252.0,Research & Development,Research Scientist,3,1.0,2.0,1,1,5,Yes,Single,Yes
EMP4905,40,Female,26829.0,Human Resources,HR Executive,27,2.0,2.0,3,3,3,No,Single,No
EMP4906,43,Male,56559.0,Sales,HR Executive,25,6.0,2.0,2,4,2,No,Single,No
EMP4907,45,Female,50192.0,Sales,HR Executive,26,12.0,2.0,1,4,4,No,Married,No
EMP4908,46,Male,87792.0,Sales,Research Scientist,16,1.0,1.0,3,1,2,Yes,Married,No
EMP4909,48,Female,101826.0,Sales,Manager,11,1.0,2.0,4,2,5,No,Single,No
EMP4910,54,Female,41612.0,Sales,Laboratory Technician,25,0.0,1.0,2,3,2,Yes,Married,No
EMP4911,28,Male,15146.0,Research & Development,Research Scientist,24,0.0,1.0,3,3,4,Yes,Single,No
EMP4912,23,Male,24922.0,Research & Development,HR Executive,22,3.0,4.0,4,4,0,No,Married,No
EMP4913,52,Male,36615.0,Sales,HR Executive,5,0.0,4.0,3,4,2,Yes,Married,No
EMP4914,22,Female,59561.0,Research & Development,Manager,25,0.0,,2,4,2,No,Single,No
EMP4915,36,Female,49254.0,Human Resources,Manufacturing Director,19,4.0,1.0,4,1,3,No,Divorced,No
EMP4916,44,Male,27313.0,Research & Development,Manager,21,6.0,3.0,3,3,4,Yes,Married,No
EMP4917,21,Female,94295.0,Human Resources,HR Executive,26,10.0,4.0,4,1,0,No,Divorced,No
EMP4918,58,Male,69583.0,Research & Development,HR Executive,8,5.0,2.0,1,1,1,Yes,Divorced,No
EMP4919,57,Female,93698.0,Sales,Manufacturing Director,14,12.0,4.0,1,2,2,No,Single,Yes
EMP4920,53,Female,15376.0,Sales,Manager,10,14.0,4.0,3,3,3,No,Divorced,No
EMP4921,47,Male,82999.0,Research & Development,Sales Executive,5,2.0,1.0,1,4,0,No,Married,No
EMP4922,51,Female,51721.0,Human Resources,Manufacturing Director,15,3.0,4.0,1,3,4,Yes,Married,No
EMP4923,42,Female,46380.0,Sales,Manufacturing Director,17,1.0,1.0,1,2,4,Yes,Married,No
EMP4924,50,Female,55535.0,Research & Development,HR Executive,8,1.0,1.0,1,1,3,No,Married,No
EMP4925,21,Male,39611.0,Research & Development,Manufacturing Director,22,1.0,1.0,4,2,4,No,Married,No
EMP4926,28,Female,51854.0,Human Resources,Research Scientist,9,3.0,4.0,4,3,3,No,Married,No
EMP4927,20,Female,75821.0,Human Resources,Manufacturing Director,26,8.0,,3,4,5,No,Divorced,No
EMP4928,24,Male,12000.0,Sales,Sales Executive,22,6.0,2.0,3,1,0,Yes,Divorced,No
EMP4929,42,Male,87941.0,Sales,Manager,11,20.0,4.0,3,1,2,No,Single,No
EMP4930,50,Female,63633.0,Sales,Manager,22,2.0,1.0,4,3,4,No,Married,No
EMP4931,55,Male,52575.0,Sales,Manufacturing Director,9,3.0,3.0,2,4,0,Yes,Single,No
EMP4932,26,Male,75583.0,Research & Development,Manager,18,11.0,4.0,3,1,4,Yes,Divorced,No
EMP4933,45,Male,63004.0,Research & Development,Manager,20,2.0,4.0,2,4,0,No,Single,No
EMP4934,49,Female,44442.0,Human Resources,Research Scientist,6,17.0,1.0,3,4,3,No,Single,No
EMP4935,20,Male,,Research & Development,Laboratory Technician,8,1.0,4.0,2,3,5,No,Married,No
EMP4936,33,Male,87990.0,Research & Development,Laboratory Technician,4,4.0,3.0,4,3,1,No,Married,No
EMP4937,45,Female,22461.0,Sales,Manufacturing Director,8,7.0,3.0,4,2,1,Yes,Married,No
EMP4938,25,Female,50668.0,Research & Development,Manager,21,2.0,4.0,4,3,3,No,Married,No
EMP4939,33,Male,23971.0,Research & Development,Research Scientist,6,1.0,4.0,2,2,2,No,Married,No
EMP4940,38,Male,65731.0,Research & Development,Sales Executive,26,0.0,1.0,1,4,4,Yes,Single,No
EMP4941,24,Female,52865.0,Research & Development,Manufacturing Director,11,5.0,2.0,4,2,0,No,Single,Yes
EMP4942,22,Female,27511.0,Research & Development,Manager,9,7.0,1.0,1,3,4,No,Married,No
EMP4943,52,Female,35882.0,Sales,Laboratory Technician,13,4.0,2.0,1,1,4,Yes,Married,No
EMP4944,23,Male,55977.0,Sales,Research Scientist,19,1.0,2.0,4,3,4,No,Married,No
EMP4945,43,Male,61272.0,Research & Development,Research Scientist,22,3.0,3.0,2,3,1,No,Married,No
EMP4946,36,Male,12382.0,,Manager,20,5.0,3.0,3,2,4,Yes,Married,Yes
EMP4947,48,Female,39481.0,Sales,Manager,4,10.0,3.0,1,1,2,No,Single,No
EMP4948,55,Male,58530.0,Sales,Manager,26,10.0,3.0,2,4,2,No,Married,No
EMP4949,26,Female,81616.0,Human Resources,Manager,13,2.0,2.0,2,4,4,No,Married,No
EMP4950,57,Male,73464.0,Research & Development,Manufacturing Director,25,0.0,3.0,1,2,5,No,Single,No
EMP4951,24,Female,44991.0,Research & Development,Research Scientist,20,5.0,2.0,3,3,3,No,Divorced,No
EMP4952,55,Male,76980.0,Research & Development,Manager,3,3.0,3.0,3,3,5,No,Divorced,No
EMP4953,40,Male,48069.0,Sales,HR Executive,16,6.0,1.0,1,1,3,No,Married,No
EMP4954,21,Male,12000.0,Sales,Laboratory Technician,25,7.0,2.0,4,1,5,Yes,Single,No
EMP4955,41,Female,86699.0,,Laboratory Technician,23,9.0,1.0,3,3,0,No,Single,No
EMP4956,55,Female,65068.0,Sales,Manager,22,11.0,1.0,3,3,1,Yes,Married,No
EMP4957,43,Female,59137.0,Human Resources,HR Executive,26,4.0,2.0,1,2,1,Yes,Divorced,No
EMP4958,23,Male,55181.0,Sales,Laboratory Technician,17,2.0,1.0,2,3,1,No,Single,No
EMP4959,49,Female,61660.0,Research & Development,Sales Executive,7,9.0,2.0,4,1,1,No,Married,No
EMP4960,53,Male,55161.0,Research & Development,Sales Executive,1,5.0,3.0,4,3,4,Yes,Married,No
EMP4961,46,Female,48640.0,Sales,Sales Executive,27,1.0,1.0,1,2,5,No,Married,Yes
EMP4962,36,Male,40632.0,Research & Development,Manufacturing Director,19,4.0,1.0,3,4,1,No,Married,No
EMP4963,47,Male,56693.0,Research & Development,Sales Executive,26,1.0,1.0,4,2,1,No,Married,No
EMP4964,33,Male,35612.0,Sales,Manager,24,2.0,4.0,1,1,5,No,Married,No
EMP4965,26,Male,29866.0,Sales,Research Scientist,11,13.0,1.0,4,3,2,Yes,Married,Yes
EMP4966,54,Female,60936.0,Research & Development,Manager,5,0.0,4.0,1,1,4,No,Single,No
EMP4967,36,Female,76560.0,Research & Development,HR Executive,24,1.0,4.0,4,2,1,No,Married,No
EMP4968,50,Female,37484.0,Sales,Sales Executive,25,7.0,2.0,1,3,5,No,Married,No
EMP4969,43,Female,41311.0,Research & Development,Laboratory Technician,15,3.0,3.0,3,1,2,Yes,Single,Yes
EMP4970,55,Female,17691.0,Research & Development,Laboratory Technician,8,6.0,1.0,1,1,5,No,Divorced,No
EMP4971,40,Male,26044.0,Research & Development,HR Executive,24,8.0,1.0,3,4,0,No,Married,No
EMP4972,32,Male,26876.0,Human Resources,Manager,25,2.0,3.0,4,2,3,No,Married,No
EMP4973,32,Male,76434.0,Research & Development,HR Executive,22,9.0,3.0,3,2,4,No,Divorced,No
EMP4974,40,Male,16800.0,Sales,Manager,16,5.0,2.0,3,2,0,No,Married,No
EMP4975,57,Male,65102.0,Sales,Research Scientist,28,7.0,2.0,4,2,5,No,Divorced,No
EMP4976,27,Female,49166.0,Research & Development,Manager,28,1.0,3.0,2,4,4,No,Married,No
EMP4977,25,Male,68317.0,Research & Development,Manufacturing Director,7,2.0,3.0,4,2,2,No,Married,No
EMP4978,30,Female,80656.0,Research & Development,Laboratory Technician,10,4.0,2.0,1,1,5,Yes,Single,No
EMP4979,58,Male,54341.0,Research & Development,HR Executive,22,6.0,4.0,3,4,5,No,Married,No
EMP4980,44,Female,79942.0,Sales,Manager,5,1.0,3.0,4,1,1,No,Married,No
EMP4981,51,Male,89097.0,Human Resources,Sales Executive,1,1.0,2.0,3,3,0,Yes,Divorced,No
EMP4982,42,Female,84620.0,,Sales Executive,15,2.0,3.0,2,2,1,No,Divorced,No
EMP4983,43,Male,40212.0,Research & Development,Manager,27,6.0,2.0,4,1,2,Yes,Single,Yes
EMP4984,45,Female,12000.0,Research & Development,Research Scientist,26,22.0,2.0,4,1,4,No,Married,No
EMP4985,25,Male,52253.0,Research & Development,Laboratory Technician,6,3.0,4.0,1,2,1,No,Single,No
EMP4986,45,Female,,Human Resources,Laboratory Technician,7,10.0,1.0,1,1,1,Yes,Married,No
EMP4987,42,Female,12025.0,Sales,Laboratory Technician,11,5.0,1.0,3,4,2,No,Single,No
EMP4988,52,Male,56344.0,Research & Development,HR Executive,27,0.0,1.0,1,4,3,Yes,Married,No
EMP4989,23,Male,12000.0,Research & Development,Laboratory Technician,25,5.0,,1,1,2,No,Married,No
EMP4990,40,Female,89008.0,Research & Development,Sales Executive,27,14.0,4.0,4,2,2,No,Divorced,No
EMP4991,57,Female,65503.0,Research & Development,Laboratory Technician,14,13.0,4.0,2,1,4,No,Married,No
EMP4992,52,Male,37005.0,Sales,Manufacturing Director,3,5.0,2.0,4,1,4,No,Single,No
EMP4993,31,Male,57787.0,Research & Development,Laboratory Technician,20,7.0,2.0,3,3,4,No,Married,No
EMP4994,49,Female,60504.0,Research & Development,HR Executive,27,7.0,2.0,3,2,5,No,Married,No
EMP4995,35,Female,,Sales,Laboratory Technician,11,6.0,4.0,2,3,5,No,Married,No
EMP4996,51,Male,56527.0,Research & Development,Research Scientist,7,11.0,4.0,3,2,5,No,Single,No
EMP4997,45,Female,75790.0,Research & Development,Manager,17,1.0,4.0,1,1,1,No,Divorced,No
EMP4998,39,Female,27107.0,Sales,Laboratory Technician,7,4.0,2.0,2,4,4,No,Single,Yes
EMP4999,20,Male,52158.0,Sales,HR Executive,25,2.0,4.0,4,3,4,No,Single,No
EMP5000,50,Female,94306.0,Research & Development,HR Executive,12,1.0,4.0,3,4,4,No,Married,No
EMP5001,41,Female,47262.0,Sales,Sales Executive,26,10.0,1.0,1,1,5,No,Single,No
EMP5002,41,Male,60311.0,Sales,Sales Executive,18,1.0,2.0,4,1,4,Yes,Married,No
EMP5003,48,Male,33105.0,Research & Development,Sales Executive,14,2.0,1.0,3,2,2,No,Single,No
EMP5004,56,Male,102451.0,Sales,HR Executive,14,16.0,4.0,3,4,1,No,Married,No
EMP5005,28,Male,61276.0,Sales,Laboratory Technician,21,2.0,2.0,1,4,3,Yes,Married,No
EMP5006,56,Female,27308.0,Human Resources,Laboratory Technician,8,4.0,1.0,1,3,3,No,Married,No
EMP5007,26,Male,78988.0,Research & Development,Laboratory Technician,14,0.0,3.0,4,1,4,Yes,Single,No
EMP5008,45,Female,31389.0,Sales,Sales Executive,26,16.0,1.0,4,4,0,Yes,Married,No
EMP5009,39,Male,70044.0,Sales,Manager,28,9.0,2.0,2,3,0,No,Married,No
EMP5010,50,Male,77659.0,Sales,Sales Executive,2,2.0,3.0,4,4,4,Yes,Married,No
EMP5011,41,Male,99587.0,Research & Development,Manager,22,26.0,1.0,4,2,3,No,Single,No
EMP5012,43,Male,59925.0,Research & Development,Sales Executive,25,3.0,4.0,2,4,4,No,Married,No
EMP5013,37,Female,56075.0,Sales,Research Scientist,13,3.0,2.0,2,4,3,No,Married,No
EMP5014,46,Female,12000.0,Human Resources,Manufacturing Director,7,0.0,3.0,3,2,4,No,Single,No
EMP5015,31,Male,44953.0,Research & Development,Manager,15,0.0,2.0,2,3,1,No,Married,No
EMP5016,31,Male,39286.0,Research & Development,Manufacturing Director,27,2.0,4.0,2,4,3,Yes,Married,No
EMP5017,36,Female,51023.0,Research & Development,Laboratory Technician,6,1.0,2.0,1,2,5,No,Divorced,No
EMP5018,28,Female,43558.0,Human Resources,HR Executive,10,6.0,,3,3,5,No,Single,No
EMP5019,32,Male,72297.0,Research & Development,Laboratory Technician,28,9.0,2.0,2,2,0,Yes,Married,No
EMP5020,23,Female,42690.0,Sales,Manager,20,3.0,1.0,4,3,0,No,Divorced,No
EMP5021,29,Male,65462.0,Sales,Manager,8,7.0,2.0,4,3,5,No,Married,No
EMP5022,36,Female,52458.0,Sales,Sales Executive,20,4.0,2.0,1,1,3,Yes,Divorced,Yes
EMP5023,38,Male,41300.0,Research & Development,Manager,6,1.0,3.0,3,4,3,Yes,Married,No
EMP5024,45,Male,39301.0,Research & Development,Sales Executive,21,2.0,3.0,3,2,0,No,Divorced,No
EMP5025,35,Female,60126.0,Sales,Manager,14,1.0,2.0,1,3,0,No,Married,Yes
EMP5026,44,Male,85156.0,Sales,Sales Executive,26,7.0,1.0,4,4,4,No,Single,No
EMP5027,37,Female,38922.0,Research & Development,HR Executive,22,0.0,1.0,3,3,1,No,Married,No
EMP5028,37,Male,56046.0,Research & Development,Manager,4,2.0,2.0,4,1,4,Yes,Single,No
EMP5029,20,Female,65644.0,Research & Development,Laboratory Technician,20,17.0,2.0,2,4,4,Yes,Married,No
EMP5030,51,Male,54564.0,Human Resources,Manufacturing Director,20,1.0,4.0,2,3,5,No,Married,No
EMP5031,47,Female,16276.0,Research & Development,Manufacturing Director,8,8.0,2.0,3,1,1,Yes,Married,Yes
EMP5032,22,Female,65539.0,Sales,Research Scientist,15,2.0,3.0,4,3,2,No,Single,No
EMP5033,21,Female,,Research & Development,Manufacturing Director,8,0.0,1.0,4,2,0,Yes,Single,Yes
EMP5034,49,Male,22163.0,Research & Development,Laboratory Technician,22,2.0,3.0,2,3,3,No,Single,No
EMP5035,28,Male,26297.0,Research & Development,Laboratory Technician,7,1.0,3.0,3,4,3,Yes,Married,No
EMP5036,55,Female,51440.0,Sales,Manufacturing Director,12,2.0,4.0,4,2,0,No,Single,No
EMP5037,52,Female,33801.0,Research & Development,Manufacturing Director,18,9.0,3.0,4,4,5,Yes,Single,No
EMP5038,36,Male,23420.0,Research & Development,Manufacturing Director,2,2.0,2.0,2,4,3,Yes,Divorced,No
EMP5039,59,Male,63360.0,Research & Development,Laboratory Technician,28,3.0,2.0,3,1,2,No,Married,No
EMP5040,41,Female,54407.0,Sales,Manager,2,3.0,4.0,1,2,4,Yes,Married,No
EMP5041,59,Male,71668.0,Sales,Manufacturing Director,26,0.0,4.0,2,2,2,No,Married,No
EMP5042,22,Female,38951.0,Research & Development,Sales Executive,19,0.0,3.0,3,2,4,No,Single,No
EMP5043,43,Male,53601.0,Sales,Manufacturing Director,15,2.0,4.0,2,1,4,No,Married,No
EMP5044,52,Female,72607.0,Research & Development,Manufacturing Director,15,9.0,4.0,4,3,4,No,Married,No
EMP5045,30,Female,26106.0,Research & Development,Laboratory Technician,11,8.0,4.0,4,3,3,No,Single,No
EMP5046,53,Female,40445.0,Research & Development,Sales Executive,21,11.0,1.0,1,3,1,No,Married,No
EMP5047,53,Male,76841.0,Research & Development,Laboratory Technician,12,6.0,2.0,2,3,1,No,Divorced,No
EMP5048,51,Male,55430.0,Research & Development,Sales Executive,16,1.0,3.0,1,1,5,Yes,Single,No
EMP5049,46,Male,51688.0,Research & Development,HR Executive,24,2.0,3.0,1,3,3,Yes,Single,Yes
EMP5050,23,Female,54151.0,Sales,Laboratory Technician,19,5.0,3.0,3,3,3,No,Married,No
EMP5051,59,Male,81907.0,Research & Development,Laboratory Technician,19,0.0,3.0,4,4,2,No,Single,No
EMP5052,55,Male,54470.0,Research & Development,Manager,17,6.0,,3,4,3,No,Married,No
EMP5053,41,Male,56002.0,Research & Development,Manager,2,10.0,3.0,2,1,0,No,Single,No
EMP5054,35,Female,54632.0,Sales,Sales Executive,2,21.0,3.0,2,3,3,No,Single,No
EMP5055,41,Female,19450.0,Research & Development,Laboratory Technician,3,7.0,3.0,1,4,0,No,Married,No
EMP5056,59,Female,66058.0,,Sales Executive,8,12.0,3.0,4,3,3,No,Divorced,No
EMP5057,21,Female,36935.0,Sales,Manager,14,12.0,2.0,4,2,3,No,Married,No
EMP5058,39,Female,,Research & Development,Research Scientist,7,13.0,2.0,2,3,5,No,Divorced,No
EMP5059,27,Female,16578.0,Human Resources,Laboratory Technician,16,0.0,1.0,1,1,0,No,Single,Yes
EMP5060,52,Female,21147.0,Research & Development,Research Scientist,26,0.0,4.0,2,2,5,Yes,Single,No
EMP5061,46,Female,12000.0,Sales,HR Executive,28,14.0,4.0,3,4,4,Yes,Married,No
EMP5062,56,Male,32448.0,Human Resources,Research Scientist,20,11.0,4.0,2,2,4,No,Single,No
EMP5063,59,Female,45438.0,Research & Development,Manager,5,1.0,2.0,2,4,2,No,Married,No
EMP5064,24,Female,78348.0,Research & Development,Manager,22,4.0,1.0,1,4,5,Yes,Divorced,No
EMP5065,39,Female,56336.0,Research & Development,HR Executive,24,12.0,3.0,3,4,0,No,Single,No
EMP5066,57,Male,,Research & Development,Sales Executive,23,1.0,3.0,4,1,2,No,Divorced,No
EMP5067,21,Female,,Research & Development,HR Executive,26,0.0,2.0,4,4,5,No,Married,No
EMP5068,54,Female,12000.0,Sales,Manager,1,6.0,2.0,4,1,3,No,Single,No
EMP5069,35,Female,,Research & Development,HR Executive,11,2.0,2.0,1,2,5,No,Married,No
EMP5070,41,Male,61928.0,Research & Development,HR Executive,18,1.0,2.0,4,1,3,No,Married,No
EMP5071,25,Female,73120.0,Human Resources,Manager,5,2.0,3.0,4,2,3,No,Married,No
EMP5072,33,Female,15482.0,Research & Development,HR Executive,12,4.0,3.0,2,3,4,Yes,Married,No
EMP5073,58,Male,42372.0,Sales,Research Scientist,8,4.0,3.0,3,2,4,Yes,Married,No
EMP5074,57,Female,34518.0,Human Resources,Laboratory Technician,7,4.0,3.0,1,1,2,No,Married,No
EMP5075,25,Female,26666.0,Research & Development,Laboratory Technician,20,4.0,1.0,4,1,3,Yes,Married,No
EMP5076,42,Female,105878.0,Research & Development,Laboratory Technician,20,23.0,2.0,1,1,2,No,Single,No
EMP5077,24,Female,42547.0,Sales,Manager,3,21.0,1.0,1,4,0,Yes,Divorced,No
EMP5078,59,Male,75399.0,Research & Development,HR Executive,20,0.0,,3,4,0,Yes,Single,No
EMP5079,38,Male,70525.0,,Research Scientist,26,7.0,1.0,4,3,3,No,Married,No
EMP5080,30,Male,,Human Resources,Research Scientist,2,2.0,4.0,4,4,3,No,Married,No
EMP5081,41,Female,43447.0,Research & Development,HR Executive,22,9.0,,4,2,1,No,Single,No
EMP5082,28,Female,56326.0,Sales,HR Executive,21,0.0,1.0,1,4,2,No,Married,No
EMP5083,48,Male,63700.0,Research & Development,Research Scientist,24,12.0,2.0,3,4,5,No,Single,No
EMP5084,33,Male,62275.0,Sales,Sales Executive,28,2.0,1.0,2,2,4,No,Single,No
EMP5085,34,Male,93569.0,Sales,Laboratory Technician,22,2.0,1.0,4,3,2,No,Married,No
EMP5086,50,Male,75029.0,Human Resources,Sales Executive,11,9.0,3.0,2,4,3,No,Divorced,No
EMP5087,55,Female,69453.0,Human Resources,Manager,4,1.0,1.0,2,2,4,No,Single,No
EMP5088,28,Male,76302.0,Research & Development,HR Executive,27,7.0,3.0,2,1,4,No,Divorced,No
EMP5089,43,Female,84761.0,Sales,HR Executive,22,4.0,4.0,3,4,0,No,Married,No
EMP5090,32,Male,41294.0,Research & Development,Laboratory Technician,13,6.0,1.0,4,2,1,Yes,Married,No
EMP5091,21,Female,20250.0,Research & Development,Laboratory Technician,18,5.0,1.0,3,3,2,No,Married,No
EMP5092,30,Female,41654.0,Research & Development,Laboratory Technician,16,4.0,3.0,2,1,5,No,Married,No
EMP5093,21,Female,24780.0,Research & Development,HR Executive,2,4.0,2.0,2,3,0,No,Married,No
EMP5094,51,Male,33375.0,Research & Development,Manufacturing Director,8,6.0,2.0,3,4,4,No,Married,No
EMP5095,38,Male,57196.0,Research & Development,Manufacturing Director,9,2.0,2.0,3,1,2,No,Married,No
EMP5096,41,Male,42824.0,Research & Development,Laboratory Technician,18,5.0,3.0,1,2,2,No,Divorced,Yes
EMP5097,37,Male,69258.0,Sales,Sales Executive,13,9.0,2.0,2,3,3,Yes,Married,No
EMP5098,30,Female,61679.0,Research & Development,Sales Executive,13,0.0,2.0,4,3,1,No,Divorced,No
EMP5099,38,Male,63024.0,Research & Development,Manufacturing Director,16,3.0,1.0,4,2,3,No,Married,No
EMP5100,26,Female,27171.0,Research & Development,Manufacturing Director,26,10.0,4.0,2,2,2,No,Married,No
EMP5101,22,Female,35693.0,Human Resources,Manager,6,0.0,3.0,4,3,2,Yes,Married,No
EMP5102,26,Male,12981.0,Research & Development,Sales Executive,4,10.0,3.0,1,2,0,Yes,Single,No
EMP5103,22,Male,67497.0,Research & Development,Laboratory Technician,16,0.0,,4,1,0,No,Married,No
EMP5104,42,Male,97287.0,Research & Development,HR Executive,25,1.0,1.0,2,1,1,No,Married,No
EMP5105,22,Male,58934.0,Research & Development,HR Executive,28,2.0,3.0,3,2,3,Yes,Married,No
EMP5106,35,Male,60889.0,Research & Development,HR Executive,10,6.0,4.0,3,3,2,No,Married,No
EMP5107,49,Female,43305.0,Sales,HR Executive,11,5.0,2.0,4,1,0,No,Married,No
EMP5108,43,Female,50236.0,Human Resources,Sales Executive,25,15.0,1.0,4,4,5,No,Divorced,No
EMP5109,44,Male,83042.0,Research & Development,HR Executive,5,6.0,3.0,2,4,4,No,Single,No
EMP5110,31,Male,56997.0,Research & Development,Manufacturing Director,11,1.0,4.0,3,1,4,Yes,Single,No
EMP5111,25,Female,69065.0,Research & Development,Laboratory Technician,14,9.0,2.0,3,2,4,No,Divorced,No
EMP5112,26,Male,83618.0,Sales,Manager,9,1.0,2.0,3,2,3,Yes,Single,No
EMP5113,37,Female,79210.0,Sales,Research Scientist,14,11.0,4.0,2,1,4,No,Divorced,No
EMP5114,55,Female,55711.0,Sales,HR Executive,29,3.0,1.0,2,3,5,Yes,Married,No
EMP5115,57,Female,57328.0,Research & Development,Laboratory Technician,27,8.0,2.0,3,3,5,No,Married,No
EMP5116,25,Female,46501.0,Sales,Manufacturing Director,12,0.0,1.0,4,3,1,Yes,Married,No
EMP5117,22,Male,65976.0,Human Resources,Manager,14,7.0,1.0,1,4,1,No,Married,No
EMP5118,38,Female,45907.0,Research & Development,Laboratory Technician,27,2.0,4.0,1,3,1,No,Single,No
EMP5119,27,Male,62702.0,Research & Development,Manager,8,1.0,2.0,4,4,3,Yes,Single,Yes
EMP5120,25,Male,77842.0,Research & Development,Sales Executive,17,4.0,4.0,3,4,2,Yes,Married,No
EMP5121,35,Male,17905.0,Research & Development,Manufacturing Director,7,1.0,2.0,2,4,3,Yes,Married,No
EMP5122,58,Male,14135.0,Human Resources,Laboratory Technician,19,6.0,3.0,2,3,3,No,Single,No
EMP5123,29,Male,54017.0,,Laboratory Technician,2,9.0,1.0,4,4,3,No,Single,No
EMP5124,23,Female,69715.0,Research & Development,Laboratory Technician,7,7.0,3.0,4,2,0,No,Married,No
EMP5125,26,Male,61311.0,Sales,Manager,22,2.0,4.0,4,4,3,No,Married,No
EMP5126,44,Female,28360.0,Research & Development,HR Executive,21,0.0,4.0,2,3,0,No,Married,No
EMP5127,58,Male,74794.0,Research & Development,Manager,8,0.0,1.0,3,2,5,No,Divorced,No
EMP5128,58,Male,96982.0,Sales,Sales Executive,6,16.0,4.0,4,1,0,No,Married,No
EMP5129,50,Female,35889.0,Sales,HR Executive,23,2.0,4.0,2,2,2,No,Married,No
EMP5130,41,Female,39050.0,Research & Development,Manager,29,1.0,3.0,1,2,2,No,Married,No
EMP5131,49,Male,55564.0,Human Resources,Manufacturing Director,16,3.0,2.0,3,1,5,No,Married,No
EMP5132,22,Female,52233.0,Research & Development,Research Scientist,21,2.0,1.0,1,3,0,Yes,Divorced,No
EMP5133,57,Male,81468.0,Sales,HR Executive,21,7.0,3.0,4,4,3,No,Single,No
EMP5134,51,Male,61239.0,Research & Development,Manufacturing Director,27,2.0,1.0,4,2,4,Yes,Married,No
EMP5135,27,Male,48585.0,Sales,Sales Executive,6,19.0,3.0,2,4,4,No,Single,No
EMP5136,31,Male,42027.0,Research & Development,Manufacturing Director,17,4.0,2.0,4,2,1,No,Married,No
EMP5137,55,Male,21393.0,Sales,HR Executive,5,3.0,1.0,3,2,1,No,Married,No
EMP5138,41,Male,85129.0,Research & Development,HR Executive,10,9.0,3.0,2,4,1,Yes,Single,No
EMP5139,59,Female,68808.0,Research & Development,Manufacturing Director,13,3.0,2.0,4,3,1,No,Married,No
EMP5140,35,Male,53009.0,Research & Development,Research Scientist,28,1.0,3.0,3,3,2,Yes,Married,No
EMP5141,43,Male,57392.0,Human Resources,Sales Executive,11,6.0,2.0,1,1,5,Yes,Divorced,No
EMP5142,20,Male,,Research & Development,Manager,1,7.0,2.0,4,3,5,No,Married,No
EMP5143,56,Female,16158.0,Sales,Manager,15,9.0,1.0,2,4,4,Yes,Married,No
EMP5144,53,Male,23733.0,Sales,Manufacturing Director,13,11.0,1.0,2,1,2,No,Single,No
EMP5145,52,Female,50507.0,Research & Development,Manager,22,4.0,3.0,4,1,3,No,Divorced,No
EMP5146,50,Female,50134.0,Sales,Sales Executive,1,8.0,4.0,4,4,3,No,Married,No
EMP5147,32,Female,54733.0,,Manager,27,4.0,1.0,2,3,2,No,Divorced,No
EMP5148,21,Female,92346.0,Research & Development,Laboratory Technician,22,4.0,1.0,4,1,1,Yes,Married,No
EMP5149,33,Female,48701.0,Research & Development,Manufacturing Director,18,24.0,3.0,4,3,1,No,Divorced,No
EMP5150,46,Female,38219.0,Sales,HR Executive,25,0.0,3.0,1,1,3,No,Married,No
EMP5151,47,Female,56166.0,Human Resources,HR Executive,7,1.0,2.0,3,2,1,Yes,Single,No
EMP5152,54,Male,,Research & Development,HR Executive,12,8.0,4.0,3,1,0,No,Married,No
EMP5153,42,Female,58422.0,Research & Development,Research Scientist,9,0.0,4.0,2,4,1,No,Single,No
EMP5154,33,Female,39054.0,Research & Development,Manufacturing Director,8,0.0,3.0,3,2,5,No,Single,No
EMP5155,35,Female,,,Sales Executive,27,1.0,4.0,4,2,5,No,Single,No
EMP5156,59,Male,51034.0,Research & Development,Research Scientist,27,1.0,2.0,3,1,0,No,Married,No
EMP5157,21,Female,51887.0,Research & Development,Sales Executive,7,6.0,1.0,1,3,1,No,Married,Yes
EMP5158,46,Male,68783.0,Research & Development,Sales Executive,8,10.0,1.0,4,3,4,No,Divorced,No
EMP5159,20,Female,71157.0,Sales,Manufacturing Director,3,1.0,4.0,2,1,2,No,Divorced,No
EMP5160,38,Male,99729.0,Human Resources,Sales Executive,5,0.0,1.0,1,4,1,No,Single,No
EMP5161,23,Female,70275.0,Research & Development,Sales Executive,27,1.0,1.0,1,2,4,Yes,Married,No
EMP5162,28,Male,49611.0,,Sales Executive,6,0.0,3.0,4,2,3,No,Divorced,No
EMP5163,36,Female,41082.0,Sales,Manager,1,10.0,2.0,4,1,3,No,Married,No
EMP5164,32,Female,62631.0,Research & Development,Research Scientist,26,25.0,1.0,1,1,2,No,Single,No
EMP5165,21,Male,87152.0,,HR Executive,22,9.0,4.0,1,3,4,Yes,Divorced,No
EMP5166,51,Male,73838.0,Human Resources,Research Scientist,21,3.0,3.0,4,1,1,No,Married,No
EMP5167,25,Female,39329.0,Sales,Research Scientist,5,0.0,2.0,1,3,2,Yes,Married,No
EMP5168,48,Female,64957.0,Research & Development,Sales Executive,1,7.0,1.0,3,4,5,No,Single,No
EMP5169,58,Male,59884.0,Sales,Research Scientist,20,0.0,3.0,2,1,1,No,Divorced,No
EMP5170,29,Male,78080.0,Research & Development,Research Scientist,17,4.0,1.0,1,2,0,Yes,Divorced,No
EMP5171,38,Male,61631.0,Research & Development,Manufacturing Director,6,3.0,1.0,3,4,3,Yes,Married,No
EMP5172,45,Male,60808.0,Sales,Manager,14,6.0,4.0,1,2,4,Yes,Single,No
EMP5173,57,Male,,Human Resources,Laboratory Technician,27,9.0,4.0,2,2,3,Yes,Single,Yes
EMP5174,35,Female,72425.0,Sales,Manufacturing Director,27,2.0,4.0,3,4,1,Yes,Divorced,No
EMP5175,27,Female,24407.0,Research & Development,Laboratory Technician,2,6.0,2.0,2,3,5,No,Divorced,No
EMP5176,24,Female,56971.0,Research & Development,Manufacturing Director,1,7.0,3.0,4,3,4,Yes,Divorced,No
EMP5177,34,Male,42883.0,Research & Development,Laboratory Technician,9,6.0,1.0,3,4,3,No,Married,Yes
EMP5178,53,Female,41585.0,Research & Development,Manufacturing Director,22,9.0,4.0,1,3,4,Yes,Single,Yes
EMP5179,46,Female,67817.0,Research & Development,Research Scientist,23,4.0,1.0,3,4,4,No,Married,No
EMP5180,29,Male,54929.0,Research & Development,Manager,16,9.0,4.0,3,3,3,No,Single,No
EMP5181,59,Female,12000.0,Research & Development,Laboratory Technician,17,0.0,3.0,3,3,5,No,Married,Yes
EMP5182,45,Male,50647.0,Research & Development,Manufacturing Director,14,6.0,4.0,4,3,1,No,Single,No
EMP5183,47,Male,46457.0,Sales,Research Scientist,13,4.0,3.0,3,1,0,No,Married,No
EMP5184,20,Male,82663.0,Research & Development,Laboratory Technician,4,3.0,1.0,4,1,3,Yes,Married,No
EMP5185,56,Female,27667.0,Research & Development,Research Scientist,13,2.0,3.0,3,3,1,No,Divorced,No
EMP5186,22,Female,97172.0,,Manager,29,17.0,3.0,2,3,4,No,Single,No
EMP5187,21,Male,73848.0,Research & Development,Research Scientist,15,8.0,2.0,4,4,0,No,Divorced,No
EMP5188,47,Female,48883.0,Human Resources,Laboratory Technician,18,0.0,,3,4,4,Yes,Single,No
EMP5189,32,Female,45785.0,Sales,Manager,29,7.0,2.0,3,3,5,Yes,Divorced,No
EMP5190,57,Female,40958.0,Research & Development,Research Scientist,1,0.0,2.0,1,1,5,No,Married,No
EMP5191,55,Female,62026.0,Research & Development,Research Scientist,20,3.0,3.0,3,3,2,No,Single,No
EMP5192,41,Female,37667.0,Sales,Sales Executive,8,2.0,3.0,1,3,4,Yes,Married,No
EMP5193,40,Male,52419.0,Sales,Sales Executive,15,6.0,1.0,2,4,3,No,Single,No
EMP5194,26,Male,31095.0,Sales,Manufacturing Director,1,3.0,4.0,3,3,0,Yes,Married,No
EMP5195,26,Male,70681.0,Research & Development,HR Executive,10,2.0,1.0,4,3,2,No,Married,No
EMP5196,20,Female,58728.0,Human Resources,Research Scientist,16,2.0,1.0,1,1,4,No,Married,No
EMP5197,26,Male,44705.0,Human Resources,Manager,15,3.0,2.0,4,4,4,No,Married,No
EMP5198,37,Male,49681.0,Research & Development,Sales Executive,12,1.0,4.0,3,2,2,Yes,Married,No
EMP5199,50,Female,39757.0,Research & Development,Manufacturing Director,27,16.0,4.0,3,4,2,No,Single,No
EMP5200,22,Female,61892.0,Sales,HR Executive,7,2.0,2.0,4,1,3,No,Married,No
EMP5201,26,Female,27389.0,Human Resources,HR Executive,7,2.0,2.0,2,4,0,No,Divorced,No
EMP5202,35,Male,74843.0,Human Resources,Research Scientist,17,0.0,2.0,1,2,5,Yes,Married,Yes
EMP5203,39,Male,58813.0,Research & Development,Laboratory Technician,11,11.0,1.0,1,1,2,Yes,Single,No
EMP5204,36,Male,45130.0,Sales,Manufacturing Director,9,2.0,2.0,2,4,3,Yes,Single,No
EMP5205,27,Male,67929.0,Human Resources,Manager,2,3.0,4.0,4,4,2,No,Married,No
EMP5206,50,Male,63550.0,Research & Development,Manager,16,8.0,3.0,1,4,2,No,Divorced,No
EMP5207,28,Female,31996.0,Human Resources,Manufacturing Director,19,18.0,2.0,1,4,2,Yes,Married,No
EMP5208,24,Female,83762.0,Research & Development,HR Executive,17,8.0,4.0,1,3,4,No,Married,No
EMP5209,35,Female,12000.0,Research & Development,Laboratory Technician,23,0.0,1.0,3,3,1,No,Married,No
EMP5210,59,Female,78970.0,Research & Development,Sales Executive,20,9.0,4.0,2,1,5,No,Married,No
EMP5211,24,Male,51411.0,Research & Development,Research Scientist,19,20.0,2.0,2,2,0,No,Married,No
EMP5212,25,Female,76792.0,,HR Executive,10,7.0,3.0,3,2,2,No,Single,No
EMP5213,46,Male,86689.0,Sales,Sales Executive,24,4.0,4.0,2,2,0,No,Married,No
EMP5214,44,Female,45596.0,Research & Development,Research Scientist,26,0.0,4.0,1,2,2,Yes,Married,Yes
EMP5215,26,Male,46630.0,Human Resources,Manufacturing Director,23,2.0,4.0,2,3,5,No,Divorced,No
EMP5216,46,Male,61922.0,Sales,Laboratory Technician,4,0.0,3.0,3,3,3,No,Married,No
EMP5217,50,Male,30060.0,Research & Development,Research Scientist,29,3.0,3.0,3,3,0,No,Married,No
EMP5218,45,Female,47703.0,Research & Development,Manager,17,0.0,4.0,4,2,4,No,Married,No
EMP5219,40,Female,45835.0,Research & Development,Manufacturing Director,14,1.0,4.0,1,4,2,No,Married,No
EMP5220,38,Male,28905.0,Research & Development,Research Scientist,7,5.0,2.0,1,3,0,No,Single,No
EMP5221,33,Female,44679.0,Research & Development,Manager,3,10.0,3.0,1,2,0,Yes,Married,Yes
EMP5222,22,Male,71567.0,Sales,HR Executive,25,12.0,4.0,1,4,2,No,Divorced,No
EMP5223,44,Female,69979.0,Research & Development,Manager,16,5.0,4.0,3,2,0,No,Married,No
EMP5224,51,Male,51101.0,Human Resources,Manufacturing Director,27,5.0,2.0,3,4,3,No,Divorced,No
EMP5225,36,Female,56372.0,Sales,Laboratory Technician,23,5.0,4.0,3,3,3,No,Divorced,No
EMP5226,49,Male,48308.0,Sales,HR Executive,24,0.0,3.0,1,4,5,Yes,Married,No
EMP5227,23,Male,16250.0,Sales,Laboratory Technician,12,10.0,2.0,3,4,5,No,Single,No
EMP5228,23,Male,32633.0,Research & Development,Sales Executive,11,7.0,2.0,1,1,5,No,Married,No
EMP5229,32,Male,76098.0,Research & Development,Research Scientist,14,1.0,2.0,4,2,2,No,Married,No
EMP5230,33,Female,81339.0,Research & Development,Sales Executive,1,2.0,1.0,2,2,1,No,Married,No
EMP5231,40,Female,36117.0,Research & Development,HR Executive,22,2.0,1.0,1,2,4,No,Married,No
EMP5232,21,Female,79620.0,Research & Development,Laboratory Technician,27,0.0,1.0,1,1,2,No,Married,Yes
EMP5233,24,Female,28585.0,Research & Development,HR Executive,1,0.0,3.0,3,4,4,No,Single,No
EMP5234,49,Male,43623.0,Research & Development,HR Executive,26,10.0,,3,1,4,Yes,Married,No
EMP5235,49,Female,52386.0,Research & Development,Manager,20,3.0,1.0,2,2,3,No,Married,No
EMP5236,50,Female,48990.0,Research & Development,Manufacturing Director,17,13.0,3.0,2,4,2,No,Married,Yes
EMP5237,34,Male,39772.0,Research & Development,Laboratory Technician,21,2.0,2.0,1,2,5,No,Single,No
EMP5238,46,Male,57788.0,Research & Development,HR Executive,1,2.0,3.0,1,2,3,Yes,Married,No
EMP5239,28,Male,72082.0,Sales,Manager,29,1.0,4.0,4,4,1,No,Single,No
EMP5240,54,Male,23017.0,Research & Development,HR Executive,26,2.0,,3,3,0,No,Single,Yes
EMP5241,20,Female,57777.0,Research & Development,Laboratory Technician,22,2.0,2.0,1,4,0,No,Single,No
EMP5242,44,Female,76228.0,Research & Development,Laboratory Technician,10,2.0,1.0,1,2,0,No,Married,No
EMP5243,23,Male,45920.0,Research & Development,HR Executive,4,3.0,1.0,3,1,2,No,Single,No
EMP5244,53,Female,,Research & Development,Manufacturing Director,9,11.0,1.0,2,2,3,No,Single,Yes
EMP5245,29,Male,36282.0,Sales,Sales Executive,15,2.0,1.0,1,4,3,No,Single,Yes
EMP5246,20,Female,99008.0,Research & Development,Manufacturing Director,29,0.0,3.0,2,3,2,No,Divorced,No
EMP5247,34,Female,87850.0,,Manufacturing Director,12,1.0,4.0,2,4,2,Yes,Single,Yes
EMP5248,55,Female,48513.0,Sales,Manager,22,3.0,4.0,3,4,3,No,Married,No
EMP5249,26,Female,,Research & Development,Manager,12,5.0,3.0,4,4,5,No,Single,No
EMP5250,30,Male,43426.0,Sales,Laboratory Technician,2,9.0,2.0,2,4,4,No,Married,No
EMP5251,41,Male,51577.0,Sales,Manager,23,1.0,3.0,3,2,0,No,Single,No
EMP5252,54,Male,31681.0,Research & Development,Research Scientist,10,4.0,3.0,3,4,1,No,Married,No
EMP5253,27,Female,14451.0,,Laboratory Technician,17,4.0,2.0,3,3,5,No,Married,No
EMP5254,34,Male,42236.0,Research & Development,Manufacturing Director,10,3.0,1.0,4,4,5,No,Married,No
EMP5255,58,Male,45650.0,Human Resources,Manager,22,19.0,3.0,1,2,2,No,Single,No
EMP5256,47,Female,64385.0,Sales,Laboratory Technician,24,1.0,2.0,3,1,1,No,Single,No
EMP5257,42,Female,69409.0,Sales,Research Scientist,22,1.0,3.0,1,2,4,No,Married,No
EMP5258,34,Female,52301.0,Sales,HR Executive,27,0.0,,2,2,4,No,Divorced,No
EMP5259,51,Female,33195.0,Research & Development,Laboratory Technician,20,6.0,4.0,3,3,2,No,Divorced,No
EMP5260,57,Male,40525.0,Human Resources,Manager,16,4.0,4.0,4,3,0,No,Divorced,No
EMP5261,36,Female,90004.0,Research & Development,Laboratory Technician,22,0.0,,1,2,3,No,Married,No
EMP5262,58,Female,68841.0,Research & Development,Sales Executive,20,4.0,2.0,3,3,3,Yes,Married,No
EMP5263,28,Male,,Sales,Research Scientist,7,3.0,2.0,2,2,4,Yes,Married,No
EMP5264,53,Male,94093.0,Research & Development,Manager,9,1.0,4.0,3,3,5,Yes,Married,No
EMP5265,37,Female,40536.0,Human Resources,Research Scientist,3,4.0,3.0,4,3,2,No,Single,No
EMP5266,28,Male,73044.0,,Manager,23,2.0,4.0,4,2,5,No,Single,No
EMP5267,36,Female,35152.0,Research & Development,Manufacturing Director,5,0.0,3.0,2,1,5,Yes,Divorced,No
EMP5268,36,Female,77733.0,Research & Development,Research Scientist,3,32.0,3.0,4,1,0,Yes,Married,Yes
EMP5269,44,Male,73212.0,Research & Development,Manufacturing Director,24,4.0,1.0,2,4,3,Yes,Single,No
EMP5270,51,Male,12000.0,Research & Development,Sales Executive,2,1.0,3.0,1,4,0,No,Married,No
EMP5271,56,Male,63861.0,Research & Development,Laboratory Technician,28,1.0,2.0,4,4,0,No,Married,No
EMP5272,25,Female,36155.0,Research & Development,Manager,7,1.0,1.0,2,3,0,No,Married,No
EMP5273,29,Female,47511.0,Sales,Research Scientist,28,2.0,2.0,4,2,4,Yes,Single,Yes
EMP5274,53,Female,40487.0,Research & Development,Research Scientist,20,14.0,2.0,4,4,5,No,Married,No
EMP5275,23,Female,74975.0,Sales,Laboratory Technician,1,0.0,4.0,1,4,2,No,Single,No
EMP5276,31,Female,39963.0,Sales,Sales Executive,23,3.0,,3,2,5,No,Single,No
EMP5277,48,Female,26861.0,,Manufacturing Director,29,4.0,2.0,4,4,4,No,Married,No
EMP5278,41,Male,37234.0,Research & Development,Research Scientist,27,1.0,4.0,1,1,0,No,Single,Yes
EMP5279,20,Male,50281.0,Sales,HR Executive,26,1.0,3.0,2,3,1,Yes,Married,Yes
EMP5280,25,Male,64025.0,Human Resources,Research Scientist,8,1.0,4.0,4,1,3,No,Single,No
EMP5281,51,Male,81309.0,Research & Development,HR Executive,6,1.0,2.0,4,3,4,No,Married,No
EMP5282,33,Male,66299.0,Research & Development,Research Scientist,10,1.0,4.0,2,2,4,No,Married,No
EMP5283,49,Male,67843.0,,HR Executive,17,0.0,4.0,2,1,4,No,Married,No
EMP5284,46,Female,71247.0,Sales,HR Executive,23,2.0,3.0,1,4,3,No,Single,No
EMP5285,53,Female,72982.0,Human Resources,HR Executive,29,2.0,4.0,4,4,5,No,Single,No
EMP5286,43,Male,77735.0,Research & Development,Sales Executive,14,4.0,3.0,4,2,3,Yes,Single,No
EMP5287,23,Female,110112.0,Sales,Sales Executive,14,7.0,1.0,4,1,2,No,Married,No
EMP5288,25,Female,72619.0,Human Resources,Manufacturing Director,25,0.0,2.0,2,2,1,No,Single,No
EMP5289,28,Male,61303.0,Sales,Laboratory Technician,28,5.0,1.0,2,4,1,Yes,Married,No
EMP5290,27,Male,44765.0,Sales,HR Executive,13,10.0,2.0,2,4,2,No,Married,No
EMP5291,42,Male,61819.0,Research & Development,HR Executive,16,3.0,3.0,2,2,2,No,Married,No
EMP5292,38,Male,80385.0,Research & Development,HR Executive,8,1.0,1.0,1,3,0,Yes,Married,No
EMP5293,33,Female,28198.0,Research & Development,Research Scientist,10,2.0,3.0,1,3,4,Yes,Married,No
EMP5294,42,Female,82689.0,Sales,Laboratory Technician,23,22.0,3.0,3,2,2,Yes,Divorced,Yes
EMP5295,53,Male,45612.0,Human Resources,Sales Executive,5,3.0,,2,3,2,No,Married,No
EMP5296,34,Female,49898.0,Research & Development,Sales Executive,9,2.0,3.0,1,1,4,No,Single,Yes
EMP5297,38,Male,66479.0,Sales,Manufacturing Director,4,1.0,2.0,2,2,5,Yes,Single,No
EMP5298,55,Female,43412.0,Human Resources,Laboratory Technician,8,4.0,3.0,4,3,3,No,Single,No
EMP5299,37,Female,65094.0,Research & Development,HR Executive,21,2.0,3.0,2,4,5,Yes,Married,No
EMP5300,23,Female,29652.0,Research & Development,Sales Executive,25,10.0,3.0,4,4,4,Yes,Single,No
EMP5301,27,Female,74271.0,Research & Development,Sales Executive,10,7.0,3.0,3,2,5,No,Married,No
EMP5302,30,Female,59311.0,Research & Development,Manager,27,14.0,4.0,2,1,2,Yes,Single,No
EMP5303,42,Female,54919.0,Sales,Manager,12,0.0,2.0,3,1,0,No,Married,No
EMP5304,36,Female,61043.0,Research & Development,Laboratory Technician,8,26.0,4.0,3,1,1,No,Married,No
EMP5305,33,Female,,Research & Development,Sales Executive,28,2.0,2.0,1,4,1,No,Single,No
EMP5306,53,Female,64714.0,Research & Development,Research Scientist,15,15.0,1.0,2,1,2,No,Single,No
EMP5307,38,Female,50440.0,Sales,Sales Executive,6,1.0,4.0,2,2,1,No,Divorced,No
EMP5308,39,Female,48601.0,Research & Development,Sales Executive,7,1.0,4.0,3,3,3,No,Married,No
EMP5309,30,Male,16105.0,Sales,Research Scientist,11,1.0,2.0,1,1,5,No,Divorced,No
EMP5310,38,Female,85027.0,Research & Development,Manager,4,2.0,1.0,1,2,0,Yes,Single,Yes
EMP5311,44,Female,29414.0,Research & Development,HR Executive,27,6.0,1.0,2,1,4,No,Married,Yes
EMP5312,56,Female,90540.0,Sales,HR Executive,18,5.0,3.0,3,2,3,No,Single,No
EMP5313,53,Female,49669.0,Research & Development,Research Scientist,28,5.0,4.0,2,2,0,No,Married,No
EMP5314,20,Female,81785.0,Sales,Manager,7,2.0,2.0,1,3,4,Yes,Married,No
EMP5315,20,Female,77929.0,Sales,HR Executive,24,8.0,3.0,1,4,2,Yes,Single,No
EMP5316,53,Male,76169.0,Research & Development,Laboratory Technician,20,3.0,2.0,1,4,3,No,Married,No
EMP5317,29,Male,,Research & Development,Sales Executive,12,2.0,3.0,1,3,5,No,Single,No
EMP5318,21,Male,28718.0,Research & Development,Laboratory Technician,11,3.0,3.0,4,3,0,No,Single,No
EMP5319,47,Female,50995.0,,Sales Executive,4,0.0,4.0,2,1,1,No,Married,Yes
EMP5320,58,Male,48081.0,Research & Development,Laboratory Technician,24,8.0,3.0,4,3,1,No,Single,No
EMP5321,48,Female,52752.0,Sales,Research Scientist,23,11.0,1.0,2,3,3,Yes,Married,Yes
EMP5322,25,Male,27991.0,Sales,Manufacturing Director,17,6.0,1.0,4,4,5,No,Married,No
EMP5323,31,Male,48702.0,Research & Development,HR Executive,25,1.0,3.0,4,3,4,No,Married,No
EMP5324,31,Male,12000.0,Research & Development,Manager,18,1.0,2.0,3,4,3,No,Single,No
EMP5325,31,Female,48393.0,Sales,Manufacturing Director,21,8.0,2.0,4,4,0,No,Single,No
EMP5326,45,Male,57768.0,Sales,Manufacturing Director,29,0.0,1.0,2,1,2,No,Married,No
EMP5327,49,Male,37798.0,Research & Development,Research Scientist,10,3.0,4.0,2,3,2,No,Divorced,No
EMP5328,31,Female,49057.0,Sales,Manager,19,14.0,1.0,1,4,2,No,Divorced,No
EMP5329,42,Male,58577.0,Sales,Manager,19,10.0,,3,2,5,No,Married,No
EMP5330,39,Female,77282.0,Human Resources,Sales Executive,27,1.0,2.0,3,4,2,Yes,Married,No
EMP5331,35,Male,78202.0,Sales,Sales Executive,21,1.0,1.0,3,4,0,Yes,Married,No
EMP5332,27,Male,61718.0,Research & Development,Laboratory Technician,8,4.0,1.0,1,4,2,No,Divorced,No
EMP5333,22,Female,54353.0,Research & Development,Sales Executive,26,1.0,1.0,2,2,3,Yes,Married,No
EMP5334,57,Male,62814.0,Research & Development,HR Executive,24,0.0,2.0,2,2,2,No,Married,Yes
EMP5335,46,Male,94599.0,Research & Development,Sales Executive,5,2.0,2.0,4,4,5,Yes,Single,No
EMP5336,53,Female,66033.0,Research & Development,Research Scientist,22,0.0,3.0,1,2,4,Yes,Divorced,No
EMP5337,31,Female,60734.0,Sales,Sales Executive,8,2.0,1.0,2,1,2,No,Married,No
EMP5338,28,Male,78604.0,Sales,Laboratory Technician,8,6.0,4.0,2,3,5,No,Married,No
EMP5339,43,Male,56057.0,Human Resources,Manufacturing Director,12,2.0,3.0,2,3,1,No,Single,Yes
EMP5340,47,Male,36226.0,Sales,Sales Executive,10,10.0,2.0,2,1,5,No,Single,Yes
EMP5341,48,Male,65102.0,Research & Development,Manager,24,3.0,3.0,4,1,4,No,Married,No
EMP5342,41,Female,58748.0,Research & Development,Manager,6,4.0,4.0,3,3,0,No,Divorced,No
EMP5343,38,Male,50191.0,Research & Development,Manufacturing Director,26,0.0,1.0,2,4,2,Yes,Married,No
EMP5344,42,Female,66962.0,Research & Development,Manager,2,0.0,3.0,2,3,3,No,Married,No
EMP5345,30,Female,15124.0,Research & Development,Manufacturing Director,9,0.0,4.0,3,2,2,No,Single,No
EMP5346,26,Male,43106.0,Research & Development,HR Executive,14,10.0,1.0,2,4,4,No,Single,No
EMP5347,28,Male,35669.0,Research & Development,HR Executive,15,11.0,4.0,4,4,1,No,Married,No
EMP5348,33,Female,37953.0,Research & Development,Laboratory Technician,26,17.0,3.0,1,2,5,No,Divorced,No
EMP5349,48,Female,51612.0,Research & Development,Laboratory Technician,18,26.0,1.0,2,4,5,No,Married,No
EMP5350,54,Male,34980.0,Sales,Manager,16,4.0,4.0,2,4,0,No,Single,No
EMP5351,55,Female,91893.0,,Sales Executive,5,1.0,,4,1,4,No,Married,No
EMP5352,35,Male,64937.0,Research & Development,HR Executive,2,8.0,3.0,2,3,4,Yes,Married,No
EMP5353,59,Female,37524.0,Sales,Sales Executive,23,2.0,3.0,1,1,0,No,Married,Yes
EMP5354,59,Male,16710.0,Research & Development,Manufacturing Director,17,1.0,4.0,2,3,3,No,Married,No
EMP5355,52,Female,,Sales,Sales Executive,14,0.0,2.0,3,4,1,No,Divorced,No
EMP5356,22,Female,47746.0,Sales,Sales Executive,15,1.0,1.0,4,4,4,Yes,Married,No
EMP5357,44,Female,41031.0,Sales,Research Scientist,26,3.0,2.0,1,3,5,No,Single,No
EMP5358,31,Male,110935.0,Sales,Research Scientist,14,2.0,3.0,3,3,0,Yes,Single,No
EMP5359,54,Female,18608.0,Research & Development,Sales Executive,16,9.0,3.0,3,4,4,No,Married,No
EMP5360,28,Male,56123.0,Research & Development,Manufacturing Director,15,6.0,1.0,2,1,5,No,Married,No
EMP5361,35,Male,52141.0,Human Resources,HR Executive,25,1.0,3.0,1,3,2,Yes,Married,No
EMP5362,30,Female,49519.0,Research & Development,Research Scientist,7,5.0,2.0,3,2,5,No,Married,No
EMP5363,55,Male,12333.0,Research & Development,Laboratory Technician,2,4.0,3.0,3,4,4,No,Single,No
EMP5364,42,Male,54059.0,Research & Development,Research Scientist,28,5.0,4.0,1,1,3,Yes,Married,No
EMP5365,37,Female,58969.0,Research & Development,Manager,13,1.0,4.0,3,2,0,Yes,Single,Yes
EMP5366,52,Female,70613.0,,Laboratory Technician,17,1.0,4.0,3,4,2,Yes,Married,No
EMP5367,43,Female,65631.0,Research & Development,Laboratory Technician,13,6.0,3.0,2,3,0,No,Married,No
EMP5368,44,Female,81802.0,Research & Development,Laboratory Technician,9,3.0,3.0,3,3,1,Yes,Divorced,No
EMP5369,26,Female,12000.0,Research & Development,Research Scientist,6,2.0,1.0,4,4,5,No,Married,No
EMP5370,35,Female,49831.0,,Manager,20,6.0,1.0,2,2,0,No,Married,No
EMP5371,39,Female,110099.0,Sales,Sales Executive,17,7.0,1.0,4,3,3,Yes,Married,No
EMP5372,36,Male,78322.0,Research & Development,Manager,19,7.0,3.0,1,4,5,No,Married,No
EMP5373,33,Female,23024.0,Human Resources,Manager,22,6.0,3.0,3,4,0,Yes,Single,No
EMP5374,59,Female,56939.0,Research & Development,Sales Executive,9,1.0,4.0,3,1,1,No,Married,No
EMP5375,34,Male,31957.0,Research & Development,Manufacturing Director,15,1.0,3.0,3,1,2,No,Married,No
EMP5376,43,Male,45506.0,Research & Development,Manufacturing Director,18,14.0,4.0,2,2,2,No,Married,No
EMP5377,43,Male,98993.0,Research & Development,HR Executive,25,1.0,4.0,1,4,2,Yes,Divorced,No
EMP5378,28,Female,76087.0,Research & Development,Manufacturing Director,3,4.0,3.0,1,4,1,No,Married,No
EMP5379,55,Male,,Research & Development,Manufacturing Director,9,1.0,3.0,2,3,5,No,Married,No
EMP5380,26,Male,38165.0,Human Resources,HR Executive,6,6.0,1.0,1,3,0,No,Divorced,Yes
EMP5381,53,Female,55018.0,Research & Development,Laboratory Technician,9,19.0,3.0,1,1,0,No,Married,No
EMP5382,43,Female,49185.0,Research & Development,Research Scientist,28,2.0,3.0,1,4,1,No,Single,No
EMP5383,33,Female,61891.0,,Manufacturing Director,5,0.0,4.0,2,3,4,No,Married,No
EMP5384,30,Male,37964.0,Sales,Laboratory Technician,22,9.0,4.0,4,2,0,No,Married,No
EMP5385,49,Male,46943.0,Sales,HR Executive,23,3.0,2.0,1,3,4,No,Single,Yes
EMP5386,37,Female,,Human Resources,Manufacturing Director,22,10.0,1.0,2,4,2,Yes,Divorced,No
EMP5387,41,Male,46912.0,Research & Development,Manufacturing Director,5,6.0,1.0,2,4,4,No,Single,No
EMP5388,34,Female,70486.0,Sales,HR Executive,3,9.0,2.0,2,3,1,No,Married,No
EMP5389,33,Female,61528.0,Human Resources,Research Scientist,5,0.0,4.0,3,3,4,Yes,Single,No
EMP5390,30,Female,39571.0,Human Resources,Sales Executive,25,2.0,4.0,4,3,0,No,Married,No
EMP5391,56,Female,79911.0,Research & Development,HR Executive,1,6.0,,1,1,4,Yes,Married,No
EMP5392,55,Male,78402.0,Sales,Sales Executive,21,14.0,1.0,2,2,0,No,Married,No
EMP5393,26,Female,,Sales,Manager,12,6.0,1.0,1,4,2,No,Single,No
EMP5394,25,Male,49323.0,Research & Development,Research Scientist,28,12.0,3.0,1,1,4,No,Married,No
EMP5395,52,Male,93776.0,Sales,Laboratory Technician,13,2.0,2.0,3,2,0,Yes,Married,No
EMP5396,34,Male,90352.0,Sales,Manufacturing Director,14,5.0,2.0,2,4,5,No,Single,No
EMP5397,28,Male,21671.0,Sales,Laboratory Technician,14,8.0,3.0,1,3,5,Yes,Single,No
EMP5398,28,Female,81274.0,Research & Development,Sales Executive,24,0.0,4.0,2,2,4,Yes,Divorced,No
EMP5399,55,Female,92923.0,Research & Development,Laboratory Technician,23,2.0,1.0,2,3,1,No,Married,No
EMP4547,55,Female,31087.0,Research & Development,Manufacturing Director,21,7.0,2.0,3,4,2,No,Married,No
EMP4754,24,Female,39657.0,Research & Development,HR Executive,20,2.0,1.0,4,3,1,No,Married,No
EMP5283,49,Male,67843.0,,HR Executive,17,0.0,4.0,2,1,4,No,Married,No
EMP5128,58,Male,96982.0,Sales,Sales Executive,6,16.0,4.0,4,1,0,No,Married,No
EMP5063,59,Female,45438.0,Research & Development,Manager,5,1.0,2.0,2,4,2,No,Married,No
EMP5007,26,Male,78988.0,Research & Development,Laboratory Technician,14,0.0,3.0,4,1,4,Yes,Single,No
EMP4236,36,Female,63127.0,Research & Development,Manager,3,7.0,2.0,3,3,3,Yes,Married,No
EMP4408,56,Female,89429.0,Sales,Sales Executive,25,0.0,1.0,4,4,1,No,Single,No
EMP5053,41,Male,56002.0,Research & Development,Manager,2,10.0,3.0,2,1,0,No,Single,No
EMP4926,28,Female,51854.0,Human Resources,Research Scientist,9,3.0,4.0,4,3,3,No,Married,No
