StudentID,Gender,Attendance_Percent,Weekly_Study_Hours,Assignment_Score,Internal_Assessment_1,Internal_Assessment_2,Previous_GPA,Extracurricular_Activities,Parental_Education,Internet_Access,Online_Study_Hours,Final_Exam_Score
STU1000,Male,76.8,3.7,70.7,78.0,87.2,5.04,No,Postgraduate,Yes,0.7,65.8
STU1001,Female,91.5,2.1,80.4,37.3,81.7,5.93,No,Graduate,Yes,1.7,65.7
STU1002,Female,50.6,3.7,84.0,84.0,57.8,5.53,No,High School,Yes,0.5,52.9
STU1003,Male,60.0,2.1,83.7,70.5,46.4,9.29,No,Graduate,No,0.0,55.6
STU1004,Male,,1.5,68.5,79.2,72.4,8.07,No,High School,Yes,2.9,58.1
STU1005,Female,95.5,3.9,90.8,70.4,33.6,6.21,No,High School,Yes,1.9,57.6
STU1006,Male,81.4,3.8,73.4,65.7,81.5,7.61,Yes,High School,Yes,1.2,64.3
STU1007,Female,87.2,4.5,79.5,61.1,63.0,4.9,No,Postgraduate,No,1.0,66.0
STU1008,Male,64.3,7.4,74.2,70.1,91.6,5.86,Yes,High School,No,3.0,61.2
STU1009,Male,64.6,4.0,73.7,60.6,41.8,6.95,No,Graduate,Yes,2.1,62.6
STU1010,Female,83.4,4.4,59.0,77.2,78.9,7.43,No,Graduate,Yes,2.6,64.6
STU1011,Female,78.7,1.6,80.5,42.8,64.6,6.66,Yes,Graduate,Yes,0.9,66.0
STU1012,Female,84.6,1.2,100.0,57.4,61.4,7.15,No,High School,Yes,1.6,59.1
STU1013,Female,75.7,6.3,64.4,93.6,46.8,6.91,Yes,Postgraduate,Yes,1.9,65.4
STU1014,Female,81.3,1.8,71.1,56.2,74.3,6.57,Yes,Graduate,Yes,0.9,54.9
STU1015,Female,79.9,1.6,63.3,61.7,75.5,6.39,Yes,Graduate,Yes,1.4,54.6
STU1016,Female,87.3,3.4,62.7,52.6,91.0,6.2,No,Graduate,Yes,0.9,68.5
STU1017,Male,87.7,3.3,93.2,69.7,80.1,7.12,Yes,Postgraduate,Yes,1.9,71.1
STU1018,Female,58.6,1.9,59.9,54.7,57.7,7.38,No,,Yes,0.2,56.8
STU1019,Male,51.0,3.0,62.9,62.4,51.9,7.08,No,Graduate,Yes,2.1,46.6
STU1020,Female,90.0,5.7,46.2,76.9,46.8,5.15,Yes,Graduate,Yes,1.8,63.1
STU1021,Male,92.3,2.0,58.6,55.2,86.6,5.4,No,High School,No,1.3,53.2
STU1022,Male,65.8,1.0,44.4,76.0,55.1,7.36,Yes,High School,No,1.9,44.9
STU1023,Female,55.7,5.2,79.5,76.5,86.7,8.86,No,High School,Yes,1.1,69.6
STU1024,Female,79.2,4.4,100.0,79.8,73.4,7.01,Yes,High School,Yes,0.8,71.1
STU1025,Female,89.2,2.4,64.5,67.0,70.6,6.22,No,High School,Yes,2.0,61.0
STU1026,Male,99.6,0.7,45.0,100.0,61.7,7.11,No,Postgraduate,Yes,2.1,65.3
STU1027,Female,84.2,2.2,83.5,79.8,75.2,5.21,Yes,Postgraduate,Yes,1.0,65.9
STU1028,Female,73.5,3.4,59.1,69.5,65.8,8.63,Yes,Postgraduate,No,0.9,67.9
STU1029,Male,67.3,5.6,89.5,52.7,60.8,7.06,Yes,Graduate,Yes,1.3,58.3
STU1030,Male,78.1,1.6,65.8,63.6,75.7,5.86,Yes,Graduate,Yes,0.9,63.6
STU1031,Male,74.4,3.3,60.5,85.0,64.0,6.57,No,High School,Yes,3.0,69.1
STU1032,Male,65.8,4.7,67.3,88.9,54.8,6.06,No,Graduate,Yes,1.8,58.9
STU1033,Female,100.0,0.0,81.4,85.7,74.4,8.64,No,High School,Yes,1.5,61.3
STU1034,Female,99.4,5.4,66.6,76.0,65.1,6.52,No,Graduate,Yes,0.6,62.8
STU1035,Male,91.6,1.4,62.5,47.4,72.8,7.02,No,Postgraduate,No,2.2,55.3
STU1036,Female,66.9,4.1,67.0,71.8,59.6,7.6,No,Postgraduate,Yes,0.9,70.2
STU1037,Female,88.3,3.9,50.9,47.6,49.1,5.76,Yes,High School,Yes,0.8,55.6
STU1038,Male,85.7,5.5,76.0,44.2,90.3,7.07,Yes,Graduate,Yes,2.3,65.1
STU1039,Female,83.3,4.5,43.2,68.3,87.7,7.18,Yes,High School,Yes,1.9,61.1
STU1040,Male,93.0,0.0,63.3,72.3,78.4,4.62,Yes,High School,Yes,0.0,50.1
STU1041,Female,85.6,2.1,81.4,77.6,60.6,7.15,Yes,High School,Yes,1.3,67.5
STU1042,Female,86.9,3.7,74.5,72.0,61.8,6.74,Yes,High School,Yes,1.6,64.0
STU1043,Male,85.6,3.1,78.9,72.4,85.4,6.98,Yes,Graduate,No,1.2,74.9
STU1044,Male,82.1,4.4,69.0,51.2,61.0,6.85,No,Graduate,Yes,1.7,64.1
STU1045,Female,56.6,4.9,87.5,63.5,57.1,7.16,Yes,High School,No,0.0,63.2
STU1046,Male,79.0,4.6,83.9,43.9,92.2,8.67,Yes,Postgraduate,Yes,0.0,68.3
STU1047,Female,71.3,3.1,,37.0,65.3,5.15,Yes,Graduate,No,0.5,47.3
STU1048,Female,62.6,0.2,83.9,75.4,90.8,6.32,No,Graduate,Yes,1.8,53.9
STU1049,Female,98.2,2.7,81.3,54.5,46.4,7.73,No,Graduate,Yes,0.0,57.8
STU1050,Female,98.7,4.2,63.4,77.2,73.3,7.47,No,Graduate,Yes,0.7,73.6
STU1051,Male,94.3,1.5,49.8,80.5,95.0,7.44,Yes,Graduate,Yes,0.0,63.6
STU1052,Male,81.1,4.6,,56.3,66.4,10.0,Yes,Graduate,Yes,1.3,74.1
STU1053,Male,94.2,5.1,78.2,73.3,62.3,7.66,Yes,Postgraduate,Yes,3.5,71.2
STU1054,Male,78.1,3.7,86.4,55.7,49.7,8.38,Yes,Graduate,Yes,1.3,62.6
STU1055,Male,80.4,0.0,56.0,39.2,81.2,6.37,Yes,Graduate,Yes,1.4,47.0
STU1056,Female,64.9,1.2,56.4,66.7,55.2,5.41,No,High School,Yes,2.3,50.6
STU1057,Male,82.8,6.9,76.9,58.4,64.7,6.36,Yes,Postgraduate,Yes,1.5,66.0
STU1058,Female,78.7,2.5,68.9,58.8,48.7,7.8,Yes,Graduate,Yes,1.3,62.9
STU1059,Female,62.4,0.0,41.7,92.7,87.8,7.37,No,High School,Yes,2.4,52.4
STU1060,Female,77.4,5.7,75.6,43.6,82.2,7.36,No,Postgraduate,Yes,2.0,68.8
STU1061,Female,77.0,3.5,42.2,70.4,65.6,6.5,Yes,Graduate,No,1.8,63.3
STU1062,Male,99.6,5.5,55.8,51.1,49.8,6.28,Yes,High School,Yes,1.4,63.8
STU1063,Female,88.7,4.0,90.3,77.7,87.5,6.55,No,High School,Yes,1.2,74.1
STU1064,Male,78.1,4.3,97.4,69.2,60.9,7.81,Yes,,Yes,2.4,70.7
STU1065,Male,81.0,4.2,51.8,70.3,50.5,7.98,No,Postgraduate,Yes,1.2,70.1
STU1066,Female,78.5,4.8,65.1,51.8,41.3,5.39,No,Graduate,Yes,2.7,57.3
STU1067,Male,75.6,7.6,70.6,54.3,57.0,7.87,Yes,High School,Yes,0.5,70.4
STU1068,Male,65.0,5.2,96.7,78.0,45.6,5.89,No,Graduate,Yes,2.9,62.2
STU1069,Male,76.2,0.7,62.6,89.8,57.3,7.46,Yes,Graduate,No,2.0,53.6
STU1070,Female,69.0,4.3,62.8,71.7,76.4,6.53,Yes,High School,Yes,0.5,56.0
STU1071,Male,63.0,5.6,93.2,52.4,60.7,8.99,Yes,Postgraduate,Yes,2.0,72.4
STU1072,Male,84.1,5.7,64.4,69.7,71.0,6.21,No,High School,Yes,0.8,60.9
STU1073,Male,82.7,2.7,80.8,99.0,55.9,7.05,Yes,Postgraduate,Yes,1.5,69.1
STU1074,Female,56.6,5.6,,66.4,66.9,7.65,Yes,Postgraduate,Yes,1.0,61.1
STU1075,Male,76.5,5.2,67.4,85.5,92.9,5.58,No,High School,Yes,1.4,70.7
STU1076,Male,89.9,8.1,45.1,54.6,61.1,6.7,Yes,Graduate,Yes,2.4,63.7
STU1077,Male,90.7,2.1,54.2,64.4,71.4,6.43,No,,Yes,2.0,56.0
STU1078,Female,90.3,2.6,82.6,73.7,44.1,6.08,No,Graduate,Yes,0.4,62.8
STU1079,Female,78.5,2.9,69.3,70.6,87.3,6.18,No,Graduate,Yes,0.4,61.1
STU1080,Female,67.9,2.6,65.2,54.3,59.3,8.36,No,High School,Yes,1.8,52.6
STU1081,Male,65.0,1.9,58.8,53.7,80.7,5.96,No,High School,Yes,1.8,61.9
STU1082,Male,82.1,0.0,,78.8,64.3,7.59,Yes,Graduate,Yes,0.8,55.5
STU1083,Female,82.6,2.7,74.5,81.7,74.6,7.24,No,High School,Yes,3.1,61.0
STU1084,Female,93.4,4.2,84.7,86.2,75.4,4.84,No,,Yes,2.3,66.4
STU1085,Female,91.2,2.6,30.6,90.3,59.7,7.53,No,,No,0.9,65.1
STU1086,Male,76.4,7.0,57.5,66.9,81.3,4.82,No,High School,Yes,0.8,53.6
STU1087,Male,63.1,3.5,72.4,60.6,55.4,7.68,No,Postgraduate,Yes,1.3,63.7
STU1088,Female,74.2,5.8,68.5,83.9,76.9,6.09,No,Postgraduate,No,1.2,60.7
STU1089,Female,,4.0,76.1,75.0,60.5,6.81,Yes,Postgraduate,No,2.8,63.7
STU1090,Male,75.6,5.0,74.0,51.2,70.9,4.99,No,High School,Yes,2.5,56.2
STU1091,Female,71.1,4.0,65.4,50.5,59.5,6.97,No,Graduate,Yes,1.5,66.8
STU1092,Female,81.0,6.0,62.1,71.9,66.7,8.1,No,Postgraduate,Yes,2.2,68.9
STU1093,Male,72.0,3.6,66.3,62.5,51.0,5.67,Yes,Graduate,No,2.3,50.9
STU1094,Female,70.5,4.4,87.2,64.6,69.5,5.95,No,Graduate,Yes,1.6,60.9
STU1095,Male,81.7,4.2,59.0,80.0,66.6,7.44,No,Graduate,Yes,1.9,65.2
STU1096,Male,73.2,3.0,69.1,75.6,58.4,7.47,No,Graduate,Yes,2.1,61.8
STU1097,Female,80.9,4.2,72.8,83.6,65.2,3.39,No,High School,No,2.0,59.5
STU1098,Female,81.3,7.5,93.4,38.0,67.9,9.62,No,Graduate,Yes,0.7,74.1
STU1099,Male,64.3,3.0,65.5,68.5,57.4,7.54,Yes,High School,Yes,0.8,51.8
STU1100,Female,72.2,4.3,,74.7,64.2,7.78,Yes,Postgraduate,No,1.2,63.1
STU1101,Male,95.3,5.8,88.5,43.6,51.9,6.6,No,Graduate,Yes,0.8,69.2
STU1102,Female,64.1,5.6,69.0,55.8,98.8,4.2,No,High School,Yes,0.0,56.5
STU1103,Male,52.6,3.5,,53.2,80.8,7.74,No,Graduate,Yes,2.2,60.8
STU1104,Female,55.7,0.0,65.1,65.3,69.8,6.01,Yes,Graduate,Yes,1.8,49.4
STU1105,Female,78.3,4.4,66.2,87.8,82.4,7.56,Yes,High School,Yes,0.2,67.5
STU1106,Female,78.4,0.0,82.8,93.3,38.3,6.49,Yes,Postgraduate,Yes,1.3,62.2
STU1107,Female,76.6,6.1,73.5,53.6,30.2,7.13,No,Graduate,Yes,1.3,53.1
STU1108,Male,92.6,3.8,73.5,72.4,60.4,5.72,No,Graduate,Yes,1.7,60.4
STU1109,Female,45.9,5.3,,72.8,46.7,8.01,No,Postgraduate,Yes,0.4,61.8
STU1110,Male,82.8,1.9,55.5,70.4,62.7,5.14,No,Graduate,No,0.1,61.4
STU1111,Female,96.7,0.7,100.0,70.6,68.9,9.94,No,Graduate,Yes,2.0,81.9
STU1112,Female,64.5,4.0,67.3,69.3,78.9,9.93,Yes,High School,No,0.0,65.7
STU1113,Male,73.4,3.4,58.4,88.6,50.1,9.09,No,High School,Yes,1.3,66.1
STU1114,Female,69.0,2.6,91.5,80.4,71.6,8.59,No,Graduate,Yes,1.2,70.4
STU1115,Female,67.3,3.7,74.2,50.2,66.2,6.68,Yes,Graduate,Yes,1.4,63.6
STU1116,Male,74.1,8.5,78.7,76.1,70.9,8.43,No,Graduate,No,1.8,74.7
STU1117,Male,95.1,5.0,67.9,77.5,58.7,6.67,Yes,Graduate,Yes,3.1,71.5
STU1118,Male,100.0,5.4,65.2,69.4,85.4,4.63,Yes,Graduate,Yes,0.0,69.0
STU1119,Male,74.0,5.0,67.5,80.8,64.6,8.9,No,Postgraduate,Yes,2.4,70.7
STU1120,Male,100.0,6.2,49.3,67.6,90.8,8.38,No,Postgraduate,Yes,0.0,69.7
STU1121,Female,78.4,3.2,68.7,67.8,54.9,6.76,Yes,Graduate,Yes,2.9,58.1
STU1122,Female,99.0,0.0,74.4,66.7,76.4,5.08,No,Postgraduate,Yes,0.0,56.4
STU1123,Male,76.9,3.2,97.8,36.7,65.2,5.98,Yes,Postgraduate,Yes,3.9,53.9
STU1124,Female,79.6,5.0,71.3,63.9,61.4,4.25,No,High School,No,1.1,49.8
STU1125,Female,82.4,1.8,35.0,55.6,74.9,8.12,No,Graduate,Yes,2.8,55.3
STU1126,Male,100.0,3.2,68.6,48.4,61.8,4.56,Yes,High School,Yes,2.6,57.2
STU1127,Female,88.2,2.3,100.0,85.1,28.7,7.2,No,Graduate,Yes,1.1,64.6
STU1128,Female,69.5,6.2,83.0,72.1,23.1,5.62,No,,No,1.1,60.2
STU1129,Female,,4.8,57.8,64.6,83.8,4.8,No,Graduate,Yes,0.7,63.4
STU1130,Female,73.7,4.7,78.9,57.1,83.2,7.13,Yes,Postgraduate,Yes,2.3,64.1
STU1131,Female,72.1,4.6,58.9,69.1,92.4,6.33,Yes,Graduate,Yes,1.1,59.1
STU1132,Male,88.9,3.4,49.7,78.9,65.8,7.97,No,Graduate,Yes,0.7,68.5
STU1133,Female,78.4,3.9,64.8,53.4,47.9,5.03,No,Postgraduate,Yes,2.0,53.9
STU1134,Female,81.3,1.4,71.4,64.9,60.1,5.74,No,Postgraduate,Yes,0.6,54.0
STU1135,Male,78.2,0.0,41.9,77.2,66.2,3.46,No,Postgraduate,Yes,1.2,46.1
STU1136,Female,82.0,3.8,52.8,37.9,51.9,3.74,No,High School,Yes,1.6,46.3
STU1137,Male,83.1,4.1,70.2,64.2,89.1,9.32,Yes,High School,No,0.9,67.0
STU1138,Male,,5.7,63.9,59.0,97.4,9.72,No,High School,No,1.0,63.9
STU1139,Male,86.0,6.3,75.9,63.1,72.7,6.93,No,Graduate,Yes,3.0,67.9
STU1140,Female,66.2,6.3,51.8,58.0,65.8,5.65,Yes,High School,Yes,1.3,60.9
STU1141,Male,60.7,1.7,80.7,66.9,47.9,6.38,Yes,Postgraduate,Yes,1.1,55.3
STU1142,Male,77.3,2.9,52.2,91.9,87.7,8.02,No,Graduate,Yes,1.3,72.8
STU1143,Male,79.0,4.4,94.6,60.5,67.1,6.08,No,Graduate,Yes,2.0,69.8
STU1144,Female,69.7,8.1,44.3,69.1,62.0,7.13,No,High School,Yes,0.5,72.9
STU1145,Female,88.0,6.2,,92.9,72.7,6.78,Yes,Graduate,Yes,1.9,72.1
STU1146,Male,61.9,5.5,,57.3,57.8,6.0,No,Graduate,Yes,1.8,61.1
STU1147,Male,73.1,2.8,95.0,90.4,68.1,6.06,Yes,Graduate,Yes,0.0,62.2
STU1148,Female,71.0,1.9,74.7,65.1,45.8,7.21,Yes,High School,Yes,3.3,60.0
STU1149,Male,77.4,4.9,78.4,89.9,81.2,5.43,No,Postgraduate,Yes,3.0,63.9
STU1150,Female,81.3,1.5,70.3,75.5,64.5,7.43,No,High School,Yes,0.7,54.6
STU1151,Male,65.9,3.1,54.6,69.3,82.2,6.14,No,High School,Yes,0.4,64.0
STU1152,Female,86.7,3.3,62.6,64.1,63.2,6.98,No,Postgraduate,Yes,1.7,56.2
STU1153,Male,78.8,6.4,51.8,56.3,64.1,8.74,No,High School,Yes,0.1,68.1
STU1154,Male,55.3,2.9,50.8,66.1,49.0,6.56,Yes,High School,Yes,2.9,46.8
STU1155,Female,54.5,0.0,76.0,77.6,76.6,8.09,Yes,Graduate,No,1.0,60.3
STU1156,Male,77.9,4.4,53.2,64.8,53.7,4.29,No,Graduate,Yes,3.1,59.8
STU1157,Female,75.3,2.2,74.8,60.6,59.2,6.14,No,High School,No,0.7,57.6
STU1158,Female,76.8,3.6,50.5,61.5,66.0,6.84,Yes,High School,Yes,1.4,63.8
STU1159,Female,77.7,3.3,74.4,78.9,67.7,9.49,Yes,High School,Yes,2.8,68.7
STU1160,Female,80.7,3.0,,82.2,42.1,4.06,Yes,Graduate,Yes,1.2,63.9
STU1161,Female,89.4,4.9,91.1,55.7,62.8,6.67,Yes,High School,Yes,1.8,70.4
STU1162,Male,64.7,0.7,74.9,55.6,77.1,8.84,No,Postgraduate,Yes,2.6,54.8
STU1163,Male,63.9,2.6,88.5,70.3,60.7,5.7,Yes,Postgraduate,Yes,0.9,57.6
STU1164,Male,64.9,4.7,58.7,86.4,62.9,6.5,No,High School,No,0.2,58.5
STU1165,Female,81.5,2.4,70.8,81.0,68.3,7.26,No,Graduate,Yes,0.0,62.3
STU1166,Male,92.9,0.6,,47.5,64.2,7.06,No,High School,No,2.1,47.1
STU1167,Male,,4.7,63.8,61.3,51.6,8.99,No,High School,Yes,1.9,65.2
STU1168,Male,48.0,5.5,66.1,52.0,65.5,7.43,Yes,High School,Yes,2.6,51.3
STU1169,Male,57.6,3.4,59.1,61.3,79.9,8.66,Yes,Postgraduate,Yes,1.2,49.1
STU1170,Male,68.0,0.0,51.8,87.5,51.3,6.3,Yes,Graduate,Yes,0.1,49.5
STU1171,Male,71.3,4.8,48.8,45.1,60.8,5.76,Yes,Graduate,Yes,0.0,50.8
STU1172,Female,73.1,0.5,34.9,42.3,46.7,6.48,Yes,Graduate,No,4.4,39.9
STU1173,Female,78.5,4.1,54.2,53.4,79.2,5.18,Yes,Postgraduate,No,2.0,42.0
STU1174,Female,74.3,1.9,79.4,69.0,64.7,7.48,Yes,Graduate,Yes,1.6,57.0
STU1175,Male,90.6,1.4,46.0,73.7,54.1,6.26,Yes,High School,Yes,1.8,55.1
STU1176,Female,69.9,2.7,49.5,71.1,67.3,5.86,No,Postgraduate,Yes,0.1,51.9
STU1177,Male,67.7,3.2,96.9,81.5,49.1,7.5,Yes,Graduate,Yes,0.7,65.2
STU1178,Female,83.7,2.3,60.5,40.3,51.5,5.2,Yes,Graduate,Yes,3.2,57.8
STU1179,Female,59.6,4.6,74.8,81.6,45.6,7.88,No,Graduate,Yes,2.2,63.8
STU1180,Female,82.7,2.7,79.6,60.6,51.1,6.13,Yes,Graduate,Yes,0.7,63.2
STU1181,Male,79.2,5.3,79.9,75.2,85.0,8.42,No,High School,Yes,0.3,77.3
STU1182,Male,76.2,4.0,47.2,46.5,55.7,6.25,No,High School,Yes,1.0,49.7
STU1183,Female,97.1,2.2,66.5,65.1,72.5,7.68,No,Graduate,Yes,1.2,67.2
STU1184,Male,70.5,1.9,45.7,68.3,54.3,7.05,Yes,Graduate,No,3.5,56.4
STU1185,Male,100.0,0.5,100.0,81.2,76.6,7.84,No,Postgraduate,Yes,1.3,68.3
STU1186,Male,75.3,4.0,46.1,42.8,51.6,6.95,No,Graduate,Yes,0.3,50.9
STU1187,Male,62.7,2.9,,65.4,66.5,4.47,Yes,Postgraduate,Yes,1.4,53.0
STU1188,Male,78.8,0.0,54.4,49.8,66.7,8.21,Yes,Postgraduate,No,1.8,46.6
STU1189,Male,65.1,2.5,47.6,72.1,98.6,6.68,Yes,Graduate,Yes,0.2,53.7
STU1190,Female,69.0,1.9,90.3,75.9,74.8,7.91,No,High School,Yes,1.9,61.0
STU1191,Female,82.8,6.3,,83.0,57.7,7.77,Yes,Graduate,Yes,2.7,75.9
STU1192,Female,84.7,0.4,62.9,57.5,75.6,5.72,Yes,Graduate,Yes,1.6,55.9
STU1193,Male,70.5,0.9,50.2,78.0,95.9,5.52,No,Graduate,Yes,0.7,60.1
STU1194,Female,89.8,5.5,36.4,84.1,43.2,7.72,No,High School,Yes,1.0,59.8
STU1195,Male,91.9,5.9,66.3,42.0,54.2,6.38,Yes,Graduate,No,0.0,56.9
STU1196,Male,95.2,2.2,65.3,73.6,62.7,8.11,Yes,Graduate,Yes,1.4,67.6
STU1197,Male,84.4,2.4,60.2,78.4,60.2,6.55,No,Graduate,Yes,1.8,56.3
STU1198,Male,94.4,4.6,73.3,61.4,61.3,8.23,No,Postgraduate,Yes,0.6,66.1
STU1199,Female,55.4,0.0,75.9,48.0,47.7,7.39,No,Graduate,Yes,3.4,40.4
STU1200,Male,,0.1,74.8,78.2,85.7,7.2,No,,Yes,2.3,61.7
STU1201,Female,,3.0,65.3,48.2,46.1,6.28,Yes,Graduate,Yes,0.0,59.2
STU1202,Male,79.4,6.3,53.5,62.5,63.2,7.13,Yes,Graduate,Yes,0.0,59.4
STU1203,Female,71.1,2.7,80.0,64.4,80.6,8.47,Yes,,No,0.5,67.9
STU1204,Male,76.0,3.7,70.2,75.0,65.6,6.72,Yes,Graduate,No,3.1,60.5
STU1205,Male,100.0,5.5,83.3,56.2,52.3,7.54,No,Graduate,Yes,2.4,61.9
STU1206,Female,76.0,7.3,81.9,55.4,47.1,6.86,No,Graduate,Yes,3.1,61.4
STU1207,Female,83.0,2.5,,66.4,62.8,6.97,Yes,High School,No,1.5,52.2
STU1208,Male,75.2,26.214220908627723,48.5,79.1,55.4,9.21,No,Postgraduate,Yes,1.3,61.5
STU1209,Female,78.9,6.8,58.7,97.0,68.9,8.48,Yes,Postgraduate,Yes,0.3,74.6
STU1210,Male,78.1,0.8,54.2,43.9,46.4,6.91,No,Graduate,Yes,1.8,58.4
STU1211,Female,83.4,5.3,81.3,69.4,77.4,7.1,Yes,Graduate,No,1.3,61.6
STU1212,Female,,1.7,75.3,49.8,67.6,5.82,No,Graduate,Yes,1.3,56.3
STU1213,Male,97.8,3.7,,79.3,68.7,6.56,Yes,Graduate,Yes,3.1,65.5
STU1214,Female,81.7,3.1,75.9,51.9,86.2,7.23,No,Graduate,Yes,1.4,58.2
STU1215,Male,85.1,1.8,73.1,55.6,59.9,7.99,No,Graduate,Yes,2.8,61.3
STU1216,Male,64.2,1.7,,56.8,55.8,7.85,No,Postgraduate,Yes,0.0,57.8
STU1217,Male,76.9,4.0,77.0,63.9,58.3,5.25,No,Graduate,Yes,4.2,50.8
STU1218,Male,89.3,5.3,71.0,69.5,63.3,8.17,Yes,Graduate,Yes,1.1,69.6
STU1219,Female,88.4,3.3,92.2,71.8,64.7,6.68,No,Graduate,No,2.2,59.6
STU1220,Male,,3.6,71.7,64.9,54.4,5.42,Yes,Graduate,Yes,2.4,58.3
STU1221,Male,88.6,4.5,65.4,46.4,37.7,8.67,No,Graduate,No,1.0,66.8
STU1222,Female,83.9,1.8,57.4,75.2,58.1,8.85,Yes,Postgraduate,Yes,2.3,64.3
STU1223,Male,92.4,4.8,80.5,64.3,71.0,7.17,Yes,High School,Yes,2.4,69.9
STU1224,Female,81.5,5.0,88.6,81.3,67.9,7.79,No,High School,Yes,0.8,68.6
STU1225,Male,73.7,8.2,69.2,55.1,82.8,7.87,Yes,High School,Yes,0.8,71.2
STU1226,Female,82.0,2.8,89.6,42.6,93.4,8.75,No,Postgraduate,Yes,1.5,70.5
STU1227,Female,42.8,2.7,40.4,64.5,76.6,7.82,Yes,Graduate,Yes,1.4,54.0
STU1228,Female,82.6,4.9,69.2,83.1,85.4,4.94,No,Graduate,No,2.9,63.4
STU1229,Male,34.2,5.0,69.4,67.3,76.7,9.61,No,Graduate,Yes,2.2,62.5
STU1230,Male,57.3,2.5,59.1,62.2,89.9,8.29,No,Graduate,No,1.4,52.1
STU1231,Female,83.4,2.8,100.0,52.8,91.9,6.09,Yes,Postgraduate,Yes,2.1,62.2
STU1232,Male,83.7,4.5,69.0,89.6,79.3,5.36,Yes,Postgraduate,Yes,0.0,68.8
STU1233,Female,64.1,2.0,63.9,50.6,75.9,7.51,Yes,Postgraduate,Yes,0.9,59.7
STU1234,Male,69.5,2.8,70.4,54.8,63.1,6.41,Yes,Postgraduate,Yes,1.8,56.5
STU1235,Female,94.4,3.7,40.0,73.0,65.4,7.26,No,High School,Yes,2.6,69.3
STU1236,Female,72.2,5.3,58.6,39.0,61.3,7.84,Yes,High School,Yes,1.7,62.1
STU1237,Male,100.0,2.4,84.7,82.8,74.7,6.01,Yes,Graduate,Yes,3.0,66.7
STU1238,Male,,0.2,60.6,73.7,55.9,5.24,Yes,Graduate,Yes,2.4,46.1
STU1239,Female,82.9,0.1,57.6,77.6,63.3,7.34,No,High School,Yes,1.0,63.7
STU1240,Male,97.4,1.2,89.6,72.8,33.0,6.05,Yes,Graduate,No,1.4,61.8
STU1241,Female,79.6,1.1,90.1,62.7,90.1,7.0,Yes,High School,Yes,1.9,71.5
STU1242,Male,66.0,3.2,77.8,50.1,62.9,4.92,No,High School,Yes,1.1,63.3
STU1243,Female,76.7,1.4,63.2,63.0,72.4,6.45,Yes,Graduate,Yes,3.0,50.8
STU1244,Female,77.6,2.2,66.4,51.3,86.4,7.8,No,Postgraduate,Yes,0.4,55.7
STU1245,Male,61.6,2.1,57.9,71.8,70.2,7.65,Yes,Graduate,No,1.8,42.8
STU1246,Female,74.9,2.7,55.1,76.3,86.2,5.7,No,Graduate,No,2.2,61.6
STU1247,Male,69.1,5.9,54.3,85.7,48.6,5.16,No,Postgraduate,Yes,1.2,61.4
STU1248,Female,89.1,4.7,60.7,70.2,99.6,6.82,No,Postgraduate,Yes,1.0,69.4
STU1249,Male,78.4,3.5,54.5,77.9,81.2,7.59,No,Graduate,No,1.4,57.3
STU1250,Male,74.6,2.7,46.5,60.8,68.9,7.37,No,Postgraduate,Yes,2.3,56.7
STU1251,Male,76.7,2.7,73.3,58.3,86.0,6.08,No,High School,Yes,1.0,61.2
STU1252,Male,80.7,4.1,73.5,71.6,49.6,7.22,No,Graduate,Yes,0.4,66.4
STU1253,Male,85.4,4.6,95.5,59.6,62.0,8.9,No,High School,Yes,2.7,72.1
STU1254,Female,66.0,1.9,60.0,68.8,86.2,7.09,No,Graduate,Yes,1.9,61.2
STU1255,Male,65.5,3.6,74.4,50.1,39.9,4.51,No,Graduate,Yes,2.5,49.6
STU1256,Female,91.3,0.0,74.7,52.7,73.8,7.08,Yes,High School,No,2.3,62.8
STU1257,Male,73.1,3.9,66.2,73.9,73.5,9.66,Yes,Graduate,Yes,3.7,70.7
STU1258,Male,61.0,4.9,81.2,77.4,93.6,5.0,Yes,Graduate,No,2.6,56.0
STU1259,Female,83.3,3.0,81.6,51.2,43.8,6.84,Yes,Graduate,Yes,0.8,65.1
STU1260,Female,83.6,6.8,74.9,74.4,88.5,6.48,No,High School,Yes,2.0,77.1
STU1261,Male,59.6,1.9,,57.5,58.2,6.93,Yes,High School,Yes,0.9,54.9
STU1262,Male,,3.9,64.6,65.2,59.7,7.07,No,Graduate,Yes,1.0,62.9
STU1263,Female,86.8,3.4,49.5,84.8,48.9,8.4,No,,No,0.1,69.6
STU1264,Female,82.5,3.3,57.9,76.3,50.8,6.92,No,Postgraduate,Yes,1.2,52.8
STU1265,Female,85.6,3.3,60.7,76.1,71.6,8.59,No,Graduate,No,2.0,70.8
STU1266,Male,61.1,3.7,53.1,91.7,50.4,6.64,Yes,Graduate,Yes,1.4,54.8
STU1267,Male,82.0,5.0,76.6,55.1,76.4,6.31,Yes,Graduate,Yes,0.4,69.5
STU1268,Female,74.4,6.0,87.9,51.2,56.7,5.86,No,Postgraduate,Yes,0.0,63.0
STU1269,Female,,3.5,56.4,54.9,49.0,4.26,No,High School,Yes,3.6,44.7
STU1270,Male,88.4,5.0,74.3,61.4,58.6,7.19,No,Graduate,Yes,1.8,63.7
STU1271,Male,95.8,2.2,54.5,32.0,70.7,9.68,No,Graduate,Yes,0.7,67.6
STU1272,Male,99.5,4.9,65.4,62.1,62.1,7.44,No,Graduate,Yes,2.0,66.9
STU1273,Female,93.8,2.1,59.6,57.4,66.5,7.76,No,High School,Yes,3.7,59.2
STU1274,Male,76.7,5.5,79.0,76.0,75.7,6.22,No,High School,Yes,2.1,64.0
STU1275,Male,82.2,7.5,59.8,69.9,81.2,6.46,No,Graduate,Yes,0.0,71.9
STU1276,Male,,3.3,85.2,56.6,61.7,8.18,Yes,Graduate,Yes,4.2,73.8
STU1277,Female,79.5,0.0,,73.3,51.4,9.61,Yes,Graduate,Yes,0.0,50.6
STU1278,Male,,2.5,60.3,75.1,67.1,8.88,Yes,High School,Yes,1.3,76.5
STU1279,Male,87.9,5.7,51.2,54.2,72.6,7.93,No,Postgraduate,Yes,0.4,67.1
STU1280,Male,77.3,4.5,73.8,58.1,45.5,6.85,No,Graduate,Yes,0.8,62.7
STU1281,Male,69.2,3.9,83.4,33.8,53.5,7.09,Yes,Postgraduate,Yes,1.8,55.5
STU1282,Female,73.0,5.3,74.1,49.7,55.9,5.75,Yes,High School,Yes,0.0,58.7
STU1283,Male,85.6,4.4,100.0,54.6,63.1,4.77,No,Postgraduate,Yes,1.4,63.7
STU1284,Male,,5.7,91.4,66.0,55.3,5.22,Yes,Postgraduate,Yes,2.6,58.9
STU1285,Female,82.1,5.2,65.4,51.8,75.9,6.87,No,Postgraduate,Yes,0.7,60.4
STU1286,Male,,6.2,65.2,57.8,43.5,6.39,Yes,Postgraduate,Yes,0.1,67.8
STU1287,Female,73.5,4.1,77.0,47.8,43.9,4.74,Yes,Graduate,Yes,1.4,46.9
STU1288,Female,87.1,5.1,57.4,67.4,61.3,6.75,No,Graduate,Yes,1.2,65.8
STU1289,Male,82.5,2.9,87.5,71.0,63.5,6.35,Yes,Graduate,Yes,0.9,61.6
STU1290,Female,63.2,2.4,75.4,70.6,45.6,5.16,Yes,Graduate,Yes,0.3,48.0
STU1291,Male,95.3,6.6,73.8,65.2,57.5,6.28,Yes,Postgraduate,No,2.0,75.7
STU1292,Female,72.0,3.9,80.3,43.4,60.4,6.35,Yes,High School,Yes,2.1,53.8
STU1293,Male,58.1,4.9,95.8,56.3,60.5,5.94,Yes,Graduate,Yes,0.4,54.6
STU1294,Female,65.5,3.7,72.6,59.3,68.1,8.1,No,,No,0.6,59.2
STU1295,Female,65.7,2.4,68.3,59.4,56.7,4.14,Yes,,No,1.6,45.0
STU1296,Female,78.6,3.5,92.6,66.0,86.7,4.02,Yes,High School,Yes,0.5,61.7
STU1297,Male,74.7,6.1,84.5,85.0,72.8,6.8,Yes,Graduate,No,1.7,69.2
STU1298,Male,74.0,4.5,65.2,76.4,54.7,6.93,No,Postgraduate,Yes,3.0,62.8
STU1299,Male,85.4,0.4,70.1,51.2,67.3,7.37,No,Postgraduate,Yes,1.4,56.9
STU1300,Male,82.1,3.1,72.9,74.5,67.7,6.05,No,High School,Yes,0.3,58.7
STU1301,Female,81.8,6.7,75.4,74.0,83.0,5.51,No,Graduate,Yes,1.9,71.5
STU1302,Male,82.9,3.1,49.7,53.7,57.6,6.79,Yes,Graduate,Yes,1.3,56.1
STU1303,Female,,0.3,,76.9,76.7,6.18,No,Graduate,Yes,1.3,53.8
STU1304,Female,52.7,6.9,56.7,62.8,66.6,8.97,Yes,Graduate,Yes,2.0,70.4
STU1305,Male,73.6,4.7,55.5,45.3,86.9,6.35,No,Postgraduate,Yes,2.2,59.2
STU1306,Male,51.8,3.4,60.3,71.4,84.1,6.73,No,Graduate,Yes,1.5,62.0
STU1307,Female,78.4,2.8,79.5,68.0,68.8,10.0,Yes,High School,Yes,1.4,73.9
STU1308,Male,77.9,5.4,67.5,61.8,62.3,6.53,No,Graduate,No,3.6,67.0
STU1309,Male,90.5,2.5,72.9,64.5,73.1,7.58,No,Graduate,Yes,2.7,68.1
STU1310,Female,92.3,5.6,51.6,54.9,63.5,7.7,No,Graduate,Yes,2.3,65.4
STU1311,Female,80.4,4.5,63.1,73.5,89.5,7.82,Yes,High School,Yes,1.6,68.0
STU1312,Male,72.0,3.9,78.8,64.4,67.1,7.21,Yes,High School,Yes,0.5,61.7
STU1313,Male,83.8,3.8,78.9,67.3,60.3,7.07,Yes,Postgraduate,Yes,2.6,54.6
STU1314,Male,71.7,3.2,59.1,70.0,59.6,6.94,No,,Yes,1.6,61.3
STU1315,Female,78.0,5.4,72.4,48.8,49.0,5.99,No,,Yes,0.9,60.3
STU1316,Female,89.8,1.9,100.0,52.5,73.8,7.26,Yes,Postgraduate,Yes,1.3,69.2
STU1317,Female,71.3,0.6,69.7,34.1,54.5,9.64,No,High School,Yes,0.5,55.1
STU1318,Female,87.7,4.6,59.6,72.9,81.4,8.49,Yes,High School,Yes,2.6,72.7
STU1319,Female,86.1,4.6,67.4,48.0,47.9,7.23,No,Graduate,Yes,2.2,55.0
STU1320,Male,,4.4,71.4,66.9,67.8,8.0,No,Graduate,Yes,1.7,58.1
STU1321,Male,89.7,4.2,67.7,70.2,82.1,5.58,No,Graduate,No,1.5,52.3
STU1322,Female,86.4,2.9,69.5,73.4,35.9,6.44,Yes,Graduate,Yes,0.8,58.2
STU1323,Female,79.2,4.9,48.3,48.1,94.3,8.13,Yes,High School,Yes,0.0,61.5
STU1324,Female,68.9,3.4,55.6,64.1,60.0,8.88,Yes,High School,No,0.1,55.1
STU1325,Male,67.7,2.6,67.8,88.4,68.0,5.72,No,High School,Yes,0.8,59.9
STU1326,Male,71.5,2.9,67.5,89.0,74.0,6.12,No,Graduate,No,0.6,57.9
STU1327,Male,84.5,7.1,61.5,78.8,76.2,9.85,Yes,Graduate,Yes,1.8,69.8
STU1328,Male,66.5,0.4,67.3,69.7,69.8,6.93,No,Postgraduate,Yes,2.3,66.1
STU1329,Female,83.3,4.4,70.9,50.9,80.0,9.35,No,High School,Yes,1.4,68.7
STU1330,Female,63.1,0.5,83.3,75.1,73.3,7.09,No,,Yes,2.9,52.9
STU1331,Male,75.6,3.3,68.5,62.8,90.7,7.14,No,Graduate,No,0.7,59.2
STU1332,Male,79.3,2.7,76.0,72.8,73.3,6.37,No,Graduate,Yes,1.4,61.3
STU1333,Female,100.0,0.0,61.9,56.1,93.5,8.12,Yes,Graduate,No,1.4,61.6
STU1334,Male,61.5,4.2,78.6,62.6,78.6,8.7,Yes,High School,Yes,2.6,70.8
STU1335,Female,95.7,25.627801909689246,75.6,67.3,40.7,5.35,No,Graduate,No,1.6,57.3
STU1336,Female,79.8,0.0,83.0,68.4,100.0,6.31,No,Graduate,No,1.6,68.0
STU1337,Male,82.9,5.0,80.7,71.9,58.0,8.08,No,Postgraduate,Yes,0.0,66.6
STU1338,Male,79.4,6.1,78.8,56.9,86.9,6.62,Yes,High School,No,0.6,68.6
STU1339,Female,83.3,6.2,68.5,46.2,66.4,6.11,Yes,Graduate,Yes,2.6,67.6
STU1340,Female,76.2,4.1,73.7,87.7,80.9,8.21,No,Graduate,Yes,0.0,75.0
STU1341,Male,95.4,3.6,86.0,99.8,56.4,8.34,No,Graduate,Yes,2.8,79.0
STU1342,Female,72.5,5.9,60.2,71.3,74.8,6.17,Yes,High School,Yes,2.0,62.1
STU1343,Female,91.6,6.5,60.6,46.5,62.5,7.1,Yes,Graduate,Yes,0.8,65.7
STU1344,Female,70.3,5.5,72.7,54.2,88.1,5.11,No,Graduate,Yes,0.7,50.5
STU1345,Male,77.3,1.8,76.2,72.1,72.1,5.55,No,Graduate,Yes,3.4,57.5
STU1346,Female,65.1,3.9,57.6,83.8,79.1,6.97,No,Graduate,Yes,2.9,66.6
STU1347,Female,83.5,4.3,68.9,48.0,35.7,6.84,No,High School,Yes,1.4,62.1
STU1348,Male,95.3,0.2,,63.3,64.8,5.45,No,High School,Yes,1.6,56.1
STU1349,Male,77.1,4.3,36.8,67.7,71.7,5.8,Yes,Postgraduate,Yes,0.9,64.7
STU1350,Female,,7.6,66.7,77.1,69.1,5.31,No,Graduate,No,1.6,62.8
STU1351,Male,64.6,4.7,67.6,60.2,79.5,7.44,No,Graduate,No,0.8,57.7
STU1352,Male,75.2,6.2,67.6,43.1,60.9,4.05,No,Graduate,No,1.4,52.7
STU1353,Male,58.9,3.8,91.2,73.7,66.7,5.38,No,Graduate,Yes,3.3,54.1
STU1354,Female,67.0,3.4,51.8,80.7,82.5,4.19,No,Graduate,Yes,1.4,58.0
STU1355,Female,80.7,4.2,57.6,63.8,34.1,7.39,No,Graduate,No,0.5,58.4
STU1356,Male,93.8,2.0,30.8,70.7,74.3,4.28,Yes,Graduate,Yes,0.1,56.5
STU1357,Female,100.0,1.8,62.8,58.4,61.3,6.84,No,High School,Yes,1.6,59.0
STU1358,Male,71.0,5.8,64.1,53.2,53.2,9.1,Yes,Postgraduate,Yes,0.7,64.0
STU1359,Female,95.2,6.0,62.4,79.4,70.7,9.14,Yes,Postgraduate,Yes,1.7,65.0
STU1360,Female,,1.7,86.6,70.4,83.2,4.27,No,Graduate,Yes,0.0,60.7
STU1361,Female,76.2,5.2,82.9,71.9,80.5,7.22,No,Postgraduate,Yes,2.2,69.3
STU1362,Male,83.2,3.3,71.2,86.0,64.1,5.42,No,Postgraduate,Yes,0.4,57.0
STU1363,Female,78.7,4.1,64.4,50.2,78.3,5.13,No,Graduate,Yes,1.5,57.7
STU1364,Male,79.3,4.3,85.4,57.3,78.2,6.64,No,Graduate,Yes,1.2,64.1
STU1365,Female,73.1,5.3,69.7,67.2,64.8,8.52,Yes,Graduate,Yes,3.2,74.4
STU1366,Male,61.2,3.6,57.7,57.1,56.3,7.64,No,High School,Yes,1.7,51.3
STU1367,Male,59.5,6.0,44.3,76.0,57.1,5.8,No,High School,Yes,3.4,58.0
STU1368,Male,85.8,4.1,63.4,62.4,77.7,7.79,No,Graduate,Yes,2.1,61.1
STU1369,Female,74.7,4.6,81.3,51.1,65.4,3.66,No,Postgraduate,Yes,2.9,53.7
STU1370,Male,70.8,2.0,100.0,65.9,51.4,5.75,No,Graduate,Yes,1.3,59.0
STU1371,Female,78.1,7.4,70.9,67.4,42.4,5.65,Yes,Postgraduate,Yes,1.8,62.1
STU1372,Male,87.5,4.3,58.5,78.1,77.6,6.91,No,Graduate,No,2.7,64.8
STU1373,Male,80.2,4.8,52.2,70.5,58.3,6.52,Yes,Graduate,Yes,2.4,62.2
STU1374,Female,70.1,0.6,78.3,71.5,70.6,6.6,Yes,High School,Yes,2.0,54.8
STU1375,Male,92.7,2.0,43.5,69.5,83.4,6.56,Yes,Graduate,No,1.2,63.0
STU1376,Female,97.0,5.7,,62.4,47.7,6.83,Yes,High School,Yes,1.3,66.2
STU1377,Female,83.9,4.0,82.3,55.0,65.4,7.56,Yes,High School,Yes,2.6,64.8
STU1378,Male,89.7,0.1,76.5,69.0,63.6,7.01,No,High School,Yes,2.8,61.2
STU1379,Male,92.9,5.4,66.7,60.3,71.3,6.4,Yes,High School,Yes,0.9,67.3
STU1380,Male,91.6,2.5,78.5,88.7,83.3,7.36,No,High School,Yes,0.8,72.5
STU1381,Female,85.4,6.0,72.6,83.8,47.4,7.96,No,Graduate,Yes,0.6,71.0
STU1382,Female,85.2,3.3,58.3,73.9,74.0,6.02,Yes,Graduate,Yes,2.3,63.6
STU1383,Male,,3.9,97.8,70.3,80.4,6.72,Yes,High School,Yes,0.6,67.6
STU1384,Male,64.8,5.6,64.7,63.8,63.4,8.43,No,Postgraduate,Yes,2.3,59.3
STU1385,Male,86.4,1.9,81.6,47.3,64.1,5.26,No,Graduate,Yes,2.0,50.3
STU1386,Male,61.7,1.7,33.7,62.0,71.9,9.33,No,Postgraduate,No,1.0,46.5
STU1387,Female,68.5,3.1,89.1,66.4,70.8,4.93,Yes,Graduate,Yes,3.1,66.3
STU1388,Female,93.6,5.0,92.0,68.2,74.2,6.32,No,High School,Yes,0.0,60.5
STU1389,Male,88.1,1.1,70.4,71.6,73.9,5.47,No,Postgraduate,Yes,3.2,64.0
STU1390,Female,95.8,0.5,78.4,77.9,52.3,9.86,No,,Yes,1.8,63.4
STU1391,Male,74.7,5.0,78.4,55.3,79.9,6.1,Yes,Graduate,Yes,0.0,68.6
STU1392,Male,64.2,2.4,60.4,55.4,82.3,6.1,No,,Yes,3.1,45.1
STU1393,Female,75.1,2.8,78.2,85.3,68.6,6.28,Yes,Graduate,Yes,2.5,61.3
STU1394,Female,79.2,0.2,57.9,75.8,45.1,6.93,No,Graduate,No,1.1,58.5
STU1395,Female,78.9,2.3,60.9,59.5,64.4,6.34,No,Postgraduate,No,0.5,58.3
STU1396,Male,91.6,3.5,86.9,63.5,68.7,6.61,No,Graduate,Yes,0.0,64.7
STU1397,Male,73.7,5.2,84.6,63.6,50.0,1.86,Yes,,Yes,3.9,44.9
STU1398,Male,82.2,2.1,59.4,65.4,61.0,6.88,No,High School,Yes,0.6,52.3
STU1399,Male,66.1,6.5,59.0,71.6,46.3,6.82,Yes,High School,Yes,0.2,66.9
STU1400,Female,83.4,2.3,60.3,100.0,74.5,8.25,No,High School,No,1.8,64.1
STU1401,Female,78.0,2.3,81.0,67.7,68.3,8.63,No,Graduate,Yes,0.0,64.6
STU1402,Male,69.0,6.3,55.0,74.3,43.0,6.54,No,Postgraduate,Yes,0.5,61.1
STU1403,Female,75.2,3.9,75.4,41.4,70.9,7.94,No,High School,No,2.5,54.8
STU1404,Male,75.8,2.5,81.2,58.2,65.2,5.26,No,Graduate,Yes,2.0,58.7
STU1405,Female,74.8,3.2,68.7,82.2,73.2,7.87,No,High School,Yes,1.1,63.1
STU1406,Male,99.3,5.9,85.2,70.6,60.5,6.0,No,Graduate,Yes,1.5,71.5
STU1407,Male,76.8,6.1,65.4,3.6,54.8,5.14,No,,Yes,1.1,50.4
STU1408,Female,75.1,2.0,66.8,74.4,55.2,6.54,No,Graduate,Yes,1.4,50.2
STU1409,Male,52.8,3.4,55.3,91.9,58.5,8.76,No,Postgraduate,Yes,0.7,58.2
STU1410,Male,67.3,3.7,85.3,37.1,66.3,7.05,No,Postgraduate,Yes,0.9,61.4
STU1411,Male,74.8,1.7,58.5,86.3,68.1,8.9,Yes,Postgraduate,Yes,0.9,64.8
STU1412,Male,69.8,3.4,75.2,26.2,63.3,5.75,No,Postgraduate,No,0.8,51.9
STU1413,Male,94.6,3.5,68.9,78.1,60.1,8.27,Yes,Graduate,Yes,2.5,72.3
STU1414,Male,76.0,5.6,54.2,64.9,61.1,5.89,Yes,Graduate,Yes,2.3,58.9
STU1415,Female,93.5,5.7,60.9,32.1,100.0,7.12,No,Graduate,Yes,0.6,67.8
STU1416,Female,78.7,2.9,90.7,71.2,55.2,7.1,No,Postgraduate,Yes,0.3,61.2
STU1417,Male,78.4,3.1,73.0,81.1,58.2,7.73,No,High School,Yes,1.3,68.2
STU1418,Male,,4.7,54.9,70.1,100.0,7.15,No,High School,Yes,3.7,67.6
STU1419,Female,78.0,2.4,74.6,73.2,71.9,5.77,Yes,High School,Yes,0.5,57.4
STU1420,Female,98.6,4.6,67.8,59.2,46.7,8.03,Yes,Graduate,Yes,1.3,59.8
STU1421,Female,50.2,3.3,100.0,38.9,77.8,9.22,Yes,Graduate,Yes,1.6,67.2
STU1422,Female,54.0,1.8,74.3,74.7,53.3,5.98,Yes,High School,Yes,1.4,48.8
STU1423,Female,71.5,1.8,,89.5,78.7,4.23,No,Graduate,No,1.0,54.7
STU1424,Male,78.2,6.1,91.3,80.8,63.0,7.5,No,Graduate,No,2.7,80.3
STU1425,Male,86.3,3.2,42.4,37.2,59.8,6.34,No,Postgraduate,Yes,2.0,57.5
STU1426,Female,83.7,6.5,71.4,43.8,88.5,6.62,Yes,High School,Yes,2.3,74.5
STU1427,Female,73.4,2.6,99.9,53.2,73.9,7.58,No,High School,Yes,2.1,61.5
STU1428,Male,90.2,4.0,68.3,42.7,79.6,6.16,Yes,Graduate,No,2.4,65.5
STU1429,Female,90.4,7.8,44.0,65.6,72.1,6.42,No,Graduate,Yes,3.1,67.6
STU1430,Male,80.2,1.6,64.1,70.5,59.8,6.66,No,Postgraduate,Yes,2.8,59.2
STU1431,Female,89.6,0.1,91.8,45.0,74.6,8.86,Yes,Graduate,Yes,3.8,72.6
STU1432,Female,81.3,5.8,75.6,75.9,82.9,6.84,No,Postgraduate,Yes,2.7,68.7
STU1433,Male,71.3,2.0,57.4,73.4,67.9,5.07,No,Graduate,Yes,0.8,53.8
STU1434,Male,86.4,3.5,59.7,57.3,91.2,5.13,Yes,Graduate,Yes,2.3,56.5
STU1435,Male,79.3,2.4,61.6,62.6,77.9,6.99,No,Postgraduate,Yes,2.2,64.2
STU1436,Female,78.0,4.0,75.4,37.7,69.0,5.22,No,High School,No,3.4,52.9
STU1437,Female,95.7,1.8,90.1,60.3,69.5,4.61,Yes,Postgraduate,Yes,0.5,65.1
STU1438,Male,48.6,3.2,,65.1,67.9,7.69,Yes,High School,No,2.1,49.9
STU1439,Male,61.0,4.3,76.8,67.4,48.5,7.76,No,Graduate,Yes,0.8,62.5
STU1440,Female,63.8,1.7,50.0,70.3,64.7,6.28,No,High School,No,2.0,47.9
STU1441,Male,73.6,2.2,50.1,68.4,69.1,7.21,No,Graduate,Yes,1.3,60.5
STU1442,Male,74.9,2.9,78.0,61.3,60.2,7.06,No,Postgraduate,Yes,2.0,60.1
STU1443,Male,59.9,0.9,49.8,69.0,70.7,7.64,No,High School,Yes,0.1,51.0
STU1444,Female,66.2,2.7,66.6,79.0,66.3,7.65,No,High School,No,2.3,57.3
STU1445,Female,67.7,3.7,74.6,63.7,76.8,3.15,Yes,Graduate,Yes,1.7,50.5
STU1446,Male,100.0,2.8,52.9,69.4,75.3,6.46,Yes,High School,Yes,1.7,67.1
STU1447,Female,,3.0,54.6,62.4,68.3,7.53,No,Graduate,Yes,3.5,59.7
STU1448,Female,73.1,3.5,68.6,55.9,46.9,6.23,No,Postgraduate,Yes,1.1,54.4
STU1449,Male,73.6,2.3,77.6,72.3,91.1,6.85,No,High School,Yes,1.8,65.0
STU1450,Female,64.2,27.019932450922482,85.9,57.2,64.0,7.85,Yes,Graduate,Yes,1.6,70.6
STU1451,Female,55.1,6.1,79.1,70.4,64.9,6.91,No,Graduate,Yes,1.7,62.7
STU1452,Male,76.6,2.7,71.1,65.4,61.2,8.91,No,High School,Yes,3.7,62.3
STU1453,Male,66.0,4.4,58.8,60.7,59.2,8.38,Yes,High School,Yes,1.6,61.7
STU1454,Female,77.0,3.1,53.9,60.4,87.6,6.63,Yes,Graduate,Yes,0.9,50.7
STU1455,Female,58.8,4.2,62.3,57.9,85.4,6.52,No,Graduate,Yes,3.4,53.0
STU1456,Male,68.9,6.3,76.1,42.0,72.2,2.81,No,Postgraduate,Yes,1.2,53.5
STU1457,Female,79.8,4.4,75.0,70.4,64.5,6.34,No,Graduate,Yes,0.0,60.3
STU1458,Female,82.4,0.3,38.5,68.2,74.7,4.91,Yes,Graduate,Yes,0.8,43.5
STU1459,Male,83.0,4.3,58.2,76.9,67.0,7.11,No,,No,0.3,66.6
STU1460,Female,62.2,5.7,88.1,57.6,63.3,7.01,Yes,Postgraduate,Yes,0.0,64.4
STU1461,Male,88.3,3.1,71.2,91.5,70.7,7.77,Yes,Postgraduate,Yes,1.1,69.2
STU1462,Female,68.4,5.3,48.7,59.7,59.8,8.76,No,High School,Yes,1.4,58.7
STU1463,Male,85.6,2.3,100.0,52.7,69.5,6.76,Yes,Postgraduate,Yes,2.7,64.1
STU1464,Male,77.9,0.8,69.6,51.1,68.9,9.99,No,Postgraduate,Yes,2.1,64.0
STU1465,Female,61.5,3.8,75.8,40.7,74.4,7.13,No,Postgraduate,No,2.1,55.2
STU1466,Male,74.2,0.3,76.0,86.5,57.3,4.97,Yes,Graduate,Yes,0.6,56.1
STU1467,Female,82.4,3.1,64.5,84.2,75.9,6.01,Yes,Postgraduate,Yes,2.4,59.2
STU1468,Male,85.4,5.8,59.1,73.4,53.3,6.28,No,Graduate,Yes,2.9,64.1
STU1469,Female,76.3,0.1,100.0,52.5,58.0,7.63,Yes,Graduate,Yes,1.9,63.6
STU1470,Female,96.4,1.2,85.0,90.4,58.6,5.47,Yes,Graduate,Yes,1.9,68.4
STU1471,Female,90.1,1.6,82.3,60.1,51.0,6.38,No,Graduate,No,0.2,63.7
STU1472,Male,74.9,3.4,78.6,61.2,80.2,6.57,Yes,Postgraduate,Yes,2.6,63.7
STU1473,Male,87.0,2.8,55.0,85.1,52.4,6.17,No,High School,Yes,3.3,59.8
STU1474,Female,100.0,6.0,89.2,74.2,56.2,7.94,No,Graduate,Yes,1.8,72.7
STU1475,Female,100.0,5.2,57.4,95.8,83.6,7.7,Yes,Graduate,No,0.9,64.9
STU1476,Female,63.3,4.4,74.2,68.5,58.0,8.43,No,,Yes,1.3,56.9
STU1477,Male,66.9,3.8,,59.4,63.4,6.34,No,Graduate,Yes,1.1,53.6
STU1478,Female,95.8,4.2,39.4,56.4,51.8,8.48,No,Postgraduate,No,1.1,60.7
STU1479,Male,65.3,1.9,74.8,39.1,77.7,4.89,Yes,Postgraduate,No,2.1,56.2
STU1480,Male,62.1,5.0,57.9,61.1,77.9,4.86,No,,Yes,1.8,62.0
STU1481,Female,72.2,1.5,40.2,81.0,76.3,5.1,Yes,High School,Yes,2.5,49.7
STU1482,Male,83.0,5.0,78.1,73.4,73.5,6.81,No,Graduate,Yes,1.9,71.4
STU1483,Female,76.8,5.6,100.0,65.3,67.0,8.48,Yes,Postgraduate,No,0.6,68.3
STU1484,Male,70.2,3.9,90.8,51.1,58.7,5.96,No,Graduate,Yes,1.0,62.0
STU1485,Male,69.9,3.2,66.1,68.2,54.6,6.13,Yes,Postgraduate,Yes,0.9,59.9
STU1486,Male,69.5,4.2,70.1,79.2,84.1,6.5,No,Postgraduate,Yes,1.3,69.5
STU1487,Female,67.4,0.0,83.3,71.0,76.7,7.6,No,Graduate,Yes,3.3,56.5
STU1488,Female,100.0,4.0,86.8,67.3,56.3,6.13,No,Graduate,Yes,3.5,71.4
STU1489,Female,81.6,3.3,64.8,53.8,66.6,6.05,Yes,Graduate,Yes,2.3,50.0
STU1490,Female,88.6,3.4,70.5,77.1,61.8,4.92,Yes,Graduate,Yes,1.6,66.5
STU1491,Female,72.1,4.8,74.5,21.2,50.2,6.0,No,High School,Yes,0.1,54.1
STU1492,Female,75.8,3.4,78.3,70.4,68.5,8.45,No,High School,No,1.7,64.4
STU1493,Female,69.4,1.4,68.0,100.0,60.2,6.93,No,High School,Yes,0.7,50.6
STU1494,Male,46.2,3.2,68.2,43.9,52.7,5.76,Yes,Graduate,Yes,3.1,46.3
STU1495,Male,61.5,3.6,90.7,61.6,45.3,8.53,No,High School,No,0.0,65.9
STU1496,Male,56.3,3.7,88.1,64.9,44.1,5.98,Yes,Graduate,Yes,1.9,53.5
STU1497,Male,51.0,3.8,,58.5,60.8,8.79,Yes,Graduate,No,0.6,61.3
STU1498,Female,63.7,5.4,95.8,79.5,64.8,8.77,Yes,Graduate,Yes,1.5,70.3
STU1499,Male,93.9,1.5,64.2,71.6,53.7,6.88,No,Postgraduate,Yes,2.2,64.9
STU1500,Male,77.5,3.8,94.3,67.1,75.1,4.7,No,Graduate,Yes,2.5,63.1
STU1501,Female,93.5,5.8,78.1,76.2,65.1,10.0,No,High School,Yes,1.4,72.6
STU1502,Female,82.9,0.4,100.0,65.2,74.1,7.34,Yes,Postgraduate,Yes,2.3,63.5
STU1503,Female,87.4,3.8,52.1,100.0,63.4,6.35,Yes,Postgraduate,Yes,0.8,71.5
STU1504,Male,67.2,2.4,59.7,67.1,55.0,8.14,No,,Yes,1.7,59.7
STU1505,Male,84.3,2.8,76.3,67.7,67.6,7.78,No,Postgraduate,Yes,2.5,64.3
STU1506,Female,86.7,1.9,76.0,41.1,48.3,8.64,Yes,High School,Yes,1.8,69.9
STU1507,Male,71.1,3.2,99.3,57.4,73.6,5.87,Yes,Postgraduate,Yes,1.0,66.6
STU1508,Male,84.7,6.8,60.0,81.1,52.9,7.25,No,High School,Yes,1.2,71.6
STU1509,Male,84.8,1.2,83.6,46.3,78.9,5.14,No,Graduate,Yes,2.5,58.3
STU1510,Female,71.4,1.4,87.4,34.8,61.3,7.73,No,High School,Yes,0.4,59.7
STU1511,Female,64.5,1.2,80.6,65.5,80.9,6.77,Yes,Postgraduate,Yes,0.6,61.3
STU1512,Female,63.8,6.6,55.6,84.2,50.3,7.19,No,High School,Yes,2.1,53.0
STU1513,Female,,2.7,91.1,65.6,56.5,6.6,Yes,High School,Yes,1.1,63.3
STU1514,Female,81.9,3.5,88.4,60.3,71.3,6.45,No,High School,Yes,0.0,63.2
STU1515,Male,68.5,2.8,79.0,39.0,82.4,5.58,Yes,Graduate,Yes,2.9,53.7
STU1516,Female,78.3,1.8,73.1,71.3,89.3,7.91,Yes,High School,Yes,0.4,63.8
STU1517,Male,84.8,3.1,73.4,74.3,66.6,8.89,No,Graduate,Yes,1.3,60.8
STU1518,Male,85.4,7.9,68.8,40.1,91.7,6.02,Yes,,Yes,0.9,60.5
STU1519,Female,96.6,6.0,79.6,80.9,61.9,7.57,Yes,,Yes,1.2,79.0
STU1520,Male,93.3,2.0,70.5,75.7,81.4,7.41,No,High School,Yes,0.6,68.4
STU1521,Male,66.0,4.7,57.3,80.9,52.8,6.81,No,Postgraduate,Yes,2.2,48.6
STU1522,Male,98.2,2.0,,73.2,71.9,4.66,No,Graduate,Yes,1.6,56.0
STU1523,Female,71.6,0.3,58.7,74.2,33.2,4.98,Yes,High School,Yes,2.5,50.9
STU1524,Male,90.5,5.3,73.3,72.3,50.3,5.71,Yes,High School,Yes,0.9,63.0
STU1525,Male,78.8,5.6,69.6,77.2,72.5,3.81,No,High School,Yes,3.6,66.8
STU1526,Female,73.1,5.4,73.2,39.5,47.6,8.77,No,Graduate,Yes,0.0,67.1
STU1527,Male,56.3,2.7,77.5,44.0,72.0,7.31,Yes,High School,Yes,0.0,49.6
STU1528,Female,,3.2,60.6,54.7,78.7,6.76,No,Postgraduate,No,3.3,57.2
STU1529,Female,59.3,4.8,92.0,63.2,59.0,3.73,No,Graduate,Yes,2.0,53.6
STU1530,Female,89.6,4.2,66.0,70.4,52.4,4.25,Yes,High School,Yes,1.8,52.3
STU1531,Male,96.2,2.8,63.5,69.5,59.4,6.8,No,Graduate,Yes,1.9,56.4
STU1532,Male,68.4,0.6,77.2,80.6,52.5,9.56,No,High School,Yes,2.1,57.5
STU1533,Male,81.6,3.7,42.5,81.1,64.6,5.82,Yes,High School,Yes,1.8,55.7
STU1534,Female,69.3,5.4,58.1,52.8,67.4,8.01,No,Graduate,No,0.5,61.9
STU1535,Male,70.5,1.3,84.7,68.3,61.7,6.13,Yes,High School,Yes,2.3,61.4
STU1536,Male,87.3,4.6,43.9,53.1,89.4,6.88,Yes,High School,Yes,2.2,65.4
STU1537,Male,77.5,4.1,86.8,62.4,55.9,8.5,No,Postgraduate,Yes,2.9,69.5
STU1538,Female,98.9,4.9,92.7,69.5,85.5,6.32,No,Graduate,No,3.3,70.1
STU1539,Male,72.2,5.1,64.5,17.3,51.4,5.83,Yes,Postgraduate,Yes,1.8,55.4
STU1540,Female,90.0,2.2,74.4,98.8,67.0,8.79,No,High School,Yes,0.3,69.6
STU1541,Male,,0.6,86.8,72.9,82.6,6.86,No,Postgraduate,No,3.3,58.6
STU1542,Male,87.5,2.5,,56.7,81.8,8.33,No,Graduate,Yes,0.5,73.1
STU1543,Male,72.6,5.1,83.0,92.0,60.1,5.84,No,High School,Yes,1.8,54.8
STU1544,Female,77.4,2.5,59.9,60.1,73.8,8.77,No,Postgraduate,Yes,1.2,54.1
STU1545,Male,76.6,2.3,62.8,66.9,71.9,7.18,Yes,High School,Yes,1.1,61.4
STU1546,Male,68.0,0.2,58.0,58.2,58.4,7.41,No,Graduate,Yes,2.3,50.6
STU1547,Female,85.9,6.7,75.1,88.1,74.6,6.98,No,Postgraduate,Yes,1.7,66.5
STU1548,Female,85.8,5.0,87.4,63.5,92.1,6.09,No,Graduate,Yes,2.0,64.5
STU1549,Female,85.1,4.9,67.2,67.1,72.6,6.8,Yes,Graduate,No,0.7,60.1
STU1550,Female,96.4,5.2,50.9,81.9,73.9,6.18,Yes,Graduate,Yes,1.3,71.1
STU1551,Male,95.4,4.5,53.8,73.2,75.4,8.14,Yes,High School,Yes,0.7,74.5
STU1552,Female,73.5,3.1,75.9,64.2,45.5,6.52,No,Postgraduate,Yes,1.3,64.7
STU1553,Male,82.5,3.2,97.7,80.5,72.4,4.7,No,High School,Yes,1.4,57.0
STU1554,Female,70.5,2.7,75.9,100.0,51.8,4.45,No,High School,Yes,3.3,51.2
STU1555,Female,78.3,8.2,64.2,69.4,57.7,4.38,No,High School,Yes,1.2,56.8
STU1556,Female,70.8,4.5,81.5,66.6,96.3,7.67,Yes,Postgraduate,Yes,0.0,74.2
STU1557,Female,97.4,2.7,66.4,67.4,62.5,5.19,Yes,Postgraduate,Yes,2.9,62.1
STU1558,Female,82.4,4.3,64.3,83.3,55.6,7.22,No,Graduate,No,1.9,63.5
STU1559,Female,75.4,1.7,55.6,56.6,82.1,6.99,No,Postgraduate,Yes,1.4,58.2
STU1560,Female,92.3,6.2,91.1,61.1,52.7,6.71,No,High School,Yes,1.1,69.1
STU1561,Male,52.0,2.3,31.9,43.5,59.7,7.41,Yes,Postgraduate,Yes,0.6,41.8
STU1562,Male,53.8,4.4,82.0,48.4,83.5,7.02,No,High School,Yes,3.4,62.2
STU1563,Male,87.6,5.4,63.0,57.8,66.6,3.01,No,Graduate,Yes,1.6,56.6
STU1564,Female,78.7,4.2,63.8,64.2,44.1,6.35,Yes,,No,0.0,51.4
STU1565,Male,81.0,3.7,95.4,89.8,73.6,7.4,Yes,Postgraduate,Yes,1.8,73.1
STU1566,Male,62.1,3.5,,72.5,60.4,9.1,No,Postgraduate,Yes,2.7,59.4
STU1567,Male,77.7,3.4,59.8,52.2,87.6,9.16,No,Graduate,Yes,1.7,66.3
STU1568,Female,100.0,2.5,68.0,54.8,57.5,4.89,No,High School,Yes,0.6,57.5
STU1569,Female,87.9,2.7,76.2,84.2,80.7,6.31,No,High School,Yes,0.5,69.9
STU1570,Female,80.0,6.2,63.4,80.8,90.9,4.61,No,Graduate,No,0.6,65.3
STU1571,Male,72.7,3.3,46.4,65.4,54.1,8.93,Yes,Graduate,Yes,3.0,55.6
STU1572,Male,73.3,2.1,57.0,58.8,63.3,8.22,No,High School,Yes,1.4,59.4
STU1573,Male,52.4,2.6,89.2,80.7,71.4,7.29,No,Graduate,Yes,0.0,62.1
STU1574,Male,81.1,5.5,71.1,51.1,54.0,7.03,No,Graduate,Yes,1.9,65.0
STU1575,Male,88.1,4.7,76.8,70.5,69.8,8.73,No,Postgraduate,Yes,1.6,75.7
STU1576,Female,59.1,4.5,66.1,96.8,62.9,8.5,No,Graduate,Yes,1.1,62.4
STU1577,Female,,3.0,60.1,67.9,62.6,8.42,Yes,Graduate,Yes,0.5,63.6
STU1578,Female,64.1,4.5,95.2,54.1,66.7,7.44,No,Graduate,Yes,0.4,55.8
STU1579,Male,66.4,2.3,67.2,70.7,67.0,6.31,No,High School,Yes,2.6,56.0
STU1580,Male,78.6,3.0,63.3,58.4,68.3,7.87,Yes,Graduate,Yes,1.7,60.1
STU1581,Female,,5.2,86.4,45.5,57.6,7.94,Yes,Postgraduate,Yes,2.0,66.5
STU1582,Male,85.4,5.1,59.2,74.8,58.2,6.53,No,High School,No,1.7,61.5
STU1583,Male,87.0,1.7,61.1,80.6,64.3,6.31,Yes,Graduate,Yes,1.8,62.5
STU1584,Male,75.0,2.0,70.2,60.6,65.4,8.39,Yes,Postgraduate,Yes,1.0,52.8
STU1585,Female,48.2,3.7,70.0,59.7,59.9,9.13,No,Graduate,Yes,1.3,57.0
STU1586,Female,66.0,6.6,73.9,51.5,70.5,5.75,No,Graduate,No,2.7,56.1
STU1587,Male,92.8,0.1,100.0,62.9,40.6,6.43,No,Graduate,Yes,2.9,69.8
STU1588,Female,44.7,4.0,75.0,57.1,55.8,7.29,No,,No,0.3,50.2
STU1589,Female,73.8,1.0,34.3,50.8,62.1,7.48,No,High School,Yes,1.3,51.2
STU1590,Female,63.8,2.4,74.9,91.5,54.0,6.07,No,Postgraduate,No,2.3,56.6
STU1591,Female,87.7,2.8,70.6,71.5,88.8,9.44,Yes,Postgraduate,Yes,3.4,63.8
STU1592,Male,69.9,2.7,70.7,73.0,66.3,7.39,No,High School,Yes,3.3,58.3
STU1593,Female,82.8,2.5,73.7,77.4,68.5,7.54,Yes,High School,Yes,0.7,66.2
STU1594,Male,84.8,3.5,69.6,75.8,59.2,9.26,No,Graduate,No,2.8,66.8
STU1595,Female,100.0,2.5,69.2,59.2,65.8,6.17,No,Graduate,No,1.6,50.6
STU1596,Female,75.6,0.9,79.2,68.8,49.0,6.68,Yes,Graduate,Yes,2.5,53.4
STU1597,Female,,4.9,61.9,61.2,63.6,5.05,No,Graduate,Yes,2.3,63.9
STU1598,Female,60.2,4.9,55.8,71.1,52.9,6.56,No,Graduate,Yes,0.2,59.3
STU1599,Female,92.3,5.0,100.0,69.8,62.1,4.72,No,Graduate,Yes,2.0,72.3
STU1600,Female,68.9,0.7,59.3,59.6,30.2,7.85,Yes,High School,Yes,2.5,46.2
STU1601,Female,71.3,4.0,71.5,46.4,50.2,7.39,No,High School,Yes,1.5,63.7
STU1602,Female,77.7,4.7,,67.0,86.5,6.41,Yes,Graduate,No,1.3,60.5
STU1603,Male,59.2,1.6,71.7,62.1,77.6,6.66,No,Postgraduate,No,0.0,61.0
STU1604,Female,80.7,3.5,56.0,38.5,84.5,7.87,No,Graduate,Yes,2.2,61.2
STU1605,Female,89.6,3.3,63.4,72.1,85.4,5.21,Yes,Graduate,Yes,1.7,53.5
STU1606,Male,81.5,6.8,85.7,78.5,75.4,7.09,Yes,Postgraduate,No,0.6,75.1
STU1607,Female,58.9,26.741274398216905,77.1,100.0,59.7,7.78,No,Graduate,No,1.2,65.8
STU1608,Female,,0.5,78.5,59.5,51.5,4.3,No,Graduate,Yes,1.7,48.4
STU1609,Female,86.9,8.0,43.4,57.5,82.1,7.76,Yes,High School,Yes,0.9,63.3
STU1610,Female,55.5,1.9,97.6,49.5,66.9,4.46,No,Graduate,Yes,1.5,58.6
STU1611,Male,65.1,5.3,52.1,67.9,100.0,6.64,No,Graduate,Yes,0.0,60.9
STU1612,Female,88.5,5.2,92.9,67.8,60.9,5.17,Yes,Postgraduate,Yes,2.8,73.0
STU1613,Male,81.2,1.7,,53.6,93.6,8.8,No,Graduate,Yes,1.5,65.0
STU1614,Female,82.9,4.4,78.7,62.6,63.8,5.18,No,Graduate,Yes,0.4,57.2
STU1615,Female,100.0,3.3,57.2,37.3,84.7,4.49,Yes,High School,Yes,0.0,64.2
STU1616,Male,83.6,4.5,72.3,78.0,89.8,6.99,No,Postgraduate,Yes,2.5,68.8
STU1617,Male,85.9,3.9,62.9,54.2,51.7,6.22,Yes,High School,Yes,2.1,58.3
STU1618,Male,100.0,5.7,70.4,64.5,59.2,4.69,No,Graduate,No,1.7,57.4
STU1619,Male,75.4,3.6,66.3,45.0,51.5,7.54,No,Graduate,Yes,2.4,55.8
STU1620,Male,68.4,3.2,39.4,56.8,48.8,4.01,No,High School,Yes,2.4,48.3
STU1621,Male,83.1,5.5,86.8,61.1,75.3,5.35,No,Graduate,No,1.7,58.4
STU1622,Male,83.3,4.5,68.8,64.8,63.2,5.99,No,High School,Yes,1.2,59.7
STU1623,Male,71.7,4.8,62.7,71.7,66.7,7.92,No,Graduate,Yes,1.1,62.4
STU1624,Female,65.6,2.3,61.6,85.1,73.8,8.61,No,Postgraduate,No,1.9,61.3
STU1625,Male,100.0,1.6,75.4,75.3,40.0,8.34,No,,Yes,2.9,71.2
STU1626,Male,81.9,2.5,56.6,78.5,84.0,6.59,No,Postgraduate,No,1.4,59.2
STU1627,Male,69.2,2.4,36.2,85.2,61.1,3.4,Yes,High School,No,3.0,43.9
STU1628,Female,89.0,4.9,76.1,73.0,73.5,7.35,Yes,Graduate,Yes,1.9,81.8
STU1629,Male,76.7,5.3,77.8,64.5,74.7,8.86,No,Postgraduate,Yes,1.9,68.0
STU1630,Female,75.0,3.2,67.0,79.1,85.2,8.53,No,Postgraduate,Yes,3.9,66.3
STU1631,Male,84.7,6.1,52.8,80.0,64.5,7.45,No,Graduate,Yes,3.2,65.9
STU1632,Male,62.5,6.0,71.3,74.1,36.3,5.13,No,Graduate,Yes,3.2,55.4
STU1633,Male,82.2,3.9,48.0,44.6,66.8,6.06,No,Postgraduate,Yes,0.7,56.6
STU1634,Male,100.0,2.0,54.6,53.2,68.8,9.51,No,Postgraduate,No,3.7,68.2
STU1635,Female,83.6,6.3,58.7,61.2,51.5,4.82,No,Graduate,Yes,1.4,61.4
STU1636,Male,73.5,3.4,82.7,75.9,68.1,5.19,No,High School,Yes,1.3,65.1
STU1637,Male,71.9,3.7,64.6,64.7,60.9,8.12,Yes,High School,Yes,0.0,66.2
STU1638,Female,73.1,2.9,63.3,80.9,47.2,6.2,No,Graduate,Yes,1.8,57.8
STU1639,Female,75.0,1.9,99.3,83.4,75.4,5.15,Yes,Graduate,Yes,0.4,63.8
STU1640,Female,73.5,0.9,75.3,81.8,58.1,8.94,No,,Yes,1.9,66.9
STU1641,Female,89.0,4.6,75.1,81.9,60.3,7.45,No,High School,Yes,0.3,63.8
STU1642,Female,57.2,2.1,64.5,50.5,59.5,6.27,No,Graduate,Yes,3.3,61.6
STU1643,Male,88.3,9.0,61.1,71.8,83.3,5.2,No,Graduate,Yes,2.1,68.7
STU1644,Female,73.4,1.5,37.2,56.5,65.4,9.67,No,Graduate,Yes,3.8,55.7
STU1645,Male,82.5,1.2,84.5,41.9,67.1,6.77,Yes,Graduate,Yes,0.5,52.4
STU1646,Male,64.5,4.4,76.7,61.0,59.8,8.76,No,High School,No,3.0,56.7
STU1647,Female,93.9,6.3,67.3,83.5,72.5,8.05,Yes,Postgraduate,Yes,0.0,78.5
STU1648,Female,92.9,3.6,67.9,71.5,84.9,6.07,No,Graduate,Yes,1.7,76.0
STU1649,Female,89.5,4.5,81.0,93.2,75.1,6.08,No,High School,Yes,0.9,67.4
STU1650,Male,59.8,0.2,46.7,67.5,75.6,8.82,No,,Yes,1.1,55.9
STU1651,Female,87.9,2.3,61.2,99.3,74.5,8.85,No,Graduate,Yes,1.0,70.2
STU1652,Male,82.9,1.6,53.0,67.5,46.7,4.17,No,Graduate,Yes,0.6,54.3
STU1653,Female,58.7,0.1,96.6,65.3,53.7,7.57,No,,Yes,0.2,65.2
STU1654,Female,77.7,3.7,83.1,47.1,63.1,6.63,Yes,Graduate,Yes,1.1,67.3
STU1655,Female,82.4,0.0,37.0,80.5,55.8,5.35,Yes,Graduate,Yes,1.6,48.9
STU1656,Female,84.7,1.1,47.3,58.0,51.1,7.17,No,High School,No,2.7,54.8
STU1657,Female,80.1,2.5,68.0,55.9,39.8,4.91,No,Graduate,Yes,1.8,54.9
STU1658,Male,81.5,2.0,62.9,82.9,47.1,6.15,No,High School,Yes,2.7,57.2
STU1659,Male,95.7,4.2,50.1,81.2,62.4,5.68,Yes,,No,0.0,56.5
STU1660,Male,92.7,4.1,99.2,80.8,65.0,6.1,Yes,Graduate,Yes,1.1,66.0
STU1661,Female,43.6,5.1,74.7,59.9,54.9,6.7,No,Graduate,Yes,2.2,60.4
STU1662,Male,74.2,22.233070647014898,77.1,64.3,67.1,5.38,Yes,High School,Yes,1.8,66.6
STU1663,Male,76.0,5.6,59.6,64.2,59.9,9.0,No,Graduate,No,0.6,63.9
STU1664,Female,57.0,3.5,80.8,76.0,81.3,7.49,Yes,Graduate,Yes,2.4,64.0
STU1665,Female,79.1,4.0,64.3,86.7,63.7,9.31,Yes,Graduate,Yes,1.0,74.2
STU1666,Female,93.0,4.4,65.7,70.2,75.7,6.58,No,Graduate,No,0.7,57.6
STU1667,Female,65.0,3.8,79.2,92.6,68.8,6.03,No,,Yes,2.0,60.4
STU1668,Female,82.0,2.8,45.6,77.6,46.4,9.26,No,Graduate,Yes,1.5,70.6
STU1669,Male,67.0,2.9,94.0,61.7,64.7,5.99,No,Graduate,Yes,1.0,60.5
STU1670,Female,69.9,2.0,72.7,76.6,48.7,6.55,No,Graduate,Yes,0.9,51.4
STU1671,Female,95.7,4.3,89.2,88.9,64.5,7.81,No,High School,Yes,0.4,73.9
STU1672,Female,,3.3,53.9,93.0,55.6,5.07,No,Postgraduate,No,1.1,59.3
STU1673,Male,83.5,2.3,56.2,81.6,71.3,7.8,No,Postgraduate,Yes,2.6,51.9
STU1674,Female,55.5,2.3,52.6,65.4,47.2,7.62,No,Postgraduate,Yes,1.7,52.6
STU1675,Female,100.0,1.3,73.8,62.0,66.2,8.58,Yes,High School,Yes,2.5,64.3
STU1676,Female,85.2,5.3,71.0,73.1,74.0,8.05,Yes,Graduate,Yes,2.0,62.8
STU1677,Male,75.8,3.6,63.0,88.4,78.7,8.62,No,High School,No,0.9,66.8
STU1678,Female,84.9,1.9,54.8,71.1,55.3,6.65,No,Postgraduate,Yes,0.0,56.7
STU1679,Female,61.1,5.0,51.0,71.4,66.2,5.59,Yes,Graduate,Yes,0.6,56.0
STU1680,Female,92.2,2.5,69.3,65.7,68.6,9.75,Yes,High School,No,0.8,65.6
STU1681,Male,74.1,1.0,63.0,60.4,87.7,4.66,No,Graduate,No,0.8,47.3
STU1682,Female,75.6,5.3,59.7,62.7,45.3,4.8,No,Postgraduate,Yes,2.5,49.4
STU1683,Female,72.1,2.5,93.2,66.9,53.2,7.59,No,Postgraduate,Yes,2.5,58.8
STU1684,Male,71.0,2.8,68.8,89.1,100.0,9.07,Yes,Graduate,Yes,3.7,73.6
STU1685,Female,86.3,3.6,89.1,61.6,62.2,7.07,No,Graduate,Yes,0.7,66.4
STU1686,Male,81.1,5.6,62.0,65.7,39.5,8.2,No,,Yes,3.1,63.6
STU1687,Female,85.8,3.5,73.7,52.9,57.8,4.01,No,Postgraduate,No,3.1,49.6
STU1688,Male,77.9,1.3,69.2,75.0,27.2,6.1,Yes,Postgraduate,Yes,1.3,51.3
STU1689,Female,84.2,4.5,44.5,84.1,69.4,4.18,No,Graduate,Yes,2.0,61.7
STU1690,Female,73.0,2.6,91.4,87.7,77.3,7.89,No,Graduate,Yes,2.7,70.1
STU1691,Female,100.0,6.9,68.0,67.8,53.2,4.63,No,Postgraduate,Yes,1.4,63.7
STU1692,Female,59.2,3.5,81.2,73.0,59.4,5.01,No,High School,Yes,1.4,44.0
STU1693,Female,93.1,0.0,58.7,62.9,78.9,7.52,No,Graduate,Yes,0.9,56.9
STU1694,Male,94.4,4.1,67.5,72.4,41.5,8.29,Yes,High School,Yes,0.0,64.1
STU1695,Male,67.8,7.0,57.0,69.4,47.5,6.58,No,Graduate,Yes,1.6,57.0
STU1696,Female,100.0,6.3,,65.8,62.8,7.6,No,Postgraduate,Yes,0.8,72.4
STU1697,Female,89.9,6.8,74.7,66.9,55.5,7.55,Yes,High School,Yes,0.4,73.8
STU1698,Male,89.7,1.7,75.5,71.3,61.9,6.5,Yes,Graduate,Yes,1.9,61.0
STU1699,Male,78.3,5.1,90.4,60.9,48.3,5.27,No,High School,Yes,0.0,65.6
STU1700,Female,75.4,2.2,87.3,61.6,69.0,7.59,No,Postgraduate,Yes,2.3,55.7
STU1701,Female,75.5,3.9,81.5,88.9,63.9,7.66,No,Postgraduate,Yes,2.0,65.9
STU1702,Male,82.7,1.2,,100.0,73.7,8.05,Yes,Graduate,Yes,1.1,54.6
STU1703,Male,94.8,2.3,59.6,48.1,68.8,7.24,Yes,Graduate,Yes,1.4,58.8
STU1704,Male,80.2,2.3,54.9,47.4,68.9,5.16,Yes,High School,Yes,0.3,48.2
STU1705,Female,,5.1,80.9,51.6,45.8,7.77,No,Postgraduate,No,2.3,65.2
STU1706,Male,87.9,4.9,72.6,63.6,72.9,6.8,No,Graduate,Yes,1.7,68.5
STU1707,Female,89.1,4.0,49.1,77.5,61.4,6.12,No,High School,Yes,1.8,65.8
STU1708,Male,85.9,1.1,67.2,73.3,63.7,6.39,No,Postgraduate,Yes,2.0,56.6
STU1709,Male,86.9,2.9,47.6,67.4,80.7,5.83,Yes,High School,Yes,0.9,54.9
STU1710,Female,74.7,2.2,69.2,72.4,55.9,8.04,No,Graduate,Yes,0.0,55.8
STU1711,Female,66.9,5.1,45.2,55.3,84.9,4.81,No,High School,No,2.5,55.2
STU1712,Female,67.6,5.6,77.9,61.6,86.2,5.41,No,Graduate,Yes,2.2,71.0
STU1713,Female,58.4,5.4,75.7,64.7,76.5,6.34,Yes,High School,Yes,1.0,63.3
STU1714,Female,80.8,2.1,98.6,42.8,52.3,9.06,No,High School,Yes,1.9,61.9
STU1715,Female,77.0,0.0,82.7,48.7,35.4,8.28,Yes,Graduate,Yes,2.8,53.6
STU1716,Female,72.7,0.3,63.7,49.3,81.1,4.5,Yes,Postgraduate,No,2.6,48.1
STU1717,Male,42.5,6.1,82.3,75.7,67.6,8.69,Yes,High School,Yes,0.9,73.9
STU1718,Male,63.0,2.8,49.0,68.4,55.6,8.69,Yes,,Yes,0.0,62.5
STU1719,Female,91.5,2.1,55.6,73.6,82.4,5.16,Yes,Graduate,No,0.2,59.5
STU1720,Male,70.0,6.5,75.0,39.2,53.9,3.27,No,,No,1.2,52.9
STU1721,Female,82.3,5.8,37.6,44.2,60.1,6.7,Yes,High School,Yes,3.0,59.6
STU1722,Female,61.3,3.5,69.4,74.3,73.3,8.37,No,Graduate,Yes,0.8,65.0
STU1723,Male,95.3,3.0,54.7,26.1,50.4,9.03,No,Postgraduate,Yes,0.9,58.0
STU1724,Female,76.3,3.3,71.5,82.1,64.5,5.58,No,Graduate,No,0.9,55.0
STU1725,Male,81.5,3.9,53.8,39.5,81.2,9.25,No,Graduate,Yes,1.0,68.6
STU1726,Female,100.0,6.4,76.4,76.8,69.0,3.68,No,Postgraduate,Yes,1.5,67.3
STU1727,Male,96.2,4.3,70.3,52.6,83.5,6.28,Yes,Graduate,Yes,0.2,70.2
STU1728,Male,74.3,4.8,91.0,79.7,81.9,6.22,No,Graduate,Yes,2.6,75.3
STU1729,Female,70.9,5.6,70.1,100.0,66.1,8.41,No,Graduate,Yes,1.4,72.9
STU1730,Female,74.1,1.4,58.5,33.2,33.3,8.62,No,Postgraduate,Yes,4.0,53.0
STU1731,Male,84.1,4.9,66.3,74.7,50.5,8.14,No,Postgraduate,Yes,0.3,80.4
STU1732,Female,76.7,3.0,49.8,39.7,76.7,4.91,No,Graduate,Yes,3.1,53.0
STU1733,Female,73.3,0.0,76.1,71.0,44.3,8.01,No,Graduate,Yes,2.9,51.1
STU1734,Male,95.6,0.0,78.8,62.1,61.4,7.51,No,Graduate,Yes,1.1,59.7
STU1735,Female,76.6,1.7,100.0,66.8,70.7,4.46,No,High School,Yes,1.1,65.2
STU1736,Female,100.0,4.5,60.7,52.2,86.6,3.91,No,High School,Yes,0.6,55.8
STU1737,Male,79.1,3.7,66.0,75.9,57.9,8.25,No,High School,Yes,0.6,61.1
STU1738,Female,99.4,3.8,61.4,44.7,57.0,6.55,No,,Yes,1.5,66.1
STU1739,Female,82.3,7.0,73.2,82.4,65.3,5.0,No,Graduate,Yes,1.5,65.7
STU1740,Female,89.6,1.2,75.7,59.3,70.9,6.51,No,High School,Yes,0.0,59.6
STU1741,Female,69.3,3.5,69.2,45.4,63.8,7.31,Yes,High School,Yes,3.8,62.5
STU1742,Female,67.8,4.0,,87.3,80.7,6.68,Yes,Graduate,Yes,1.2,63.2
STU1743,Male,83.5,2.2,60.7,64.1,54.8,4.63,No,High School,Yes,1.6,46.9
STU1744,Female,89.9,3.6,84.8,91.7,67.7,9.44,Yes,High School,Yes,0.9,68.1
STU1745,Male,78.5,0.6,78.1,82.1,72.2,8.21,No,High School,Yes,1.2,65.9
STU1746,Female,62.6,6.0,69.8,53.8,60.4,6.33,No,High School,Yes,1.1,60.5
STU1747,Male,61.7,2.3,65.3,63.8,77.8,6.39,No,Graduate,Yes,1.5,52.7
STU1748,Male,60.9,7.2,100.0,66.7,68.1,7.3,No,Postgraduate,Yes,1.5,64.0
STU1749,Male,56.8,3.4,57.7,86.4,77.0,5.22,No,,No,2.3,53.3
STU1750,Female,79.3,5.4,74.5,71.1,68.7,7.25,No,Postgraduate,Yes,1.7,72.1
STU1751,Male,91.5,3.4,,67.5,71.3,4.94,Yes,Graduate,Yes,2.2,56.1
STU1752,Male,77.8,3.4,96.8,62.2,57.1,6.7,No,Postgraduate,Yes,1.5,60.2
STU1753,Female,50.9,2.4,83.3,64.3,57.2,5.16,Yes,Graduate,Yes,1.7,46.2
STU1754,Female,75.7,3.7,59.8,83.3,83.1,5.23,No,Graduate,Yes,1.3,59.4
STU1755,Male,76.0,4.1,77.7,65.1,74.9,9.1,No,Graduate,Yes,2.5,69.9
STU1756,Female,100.0,2.1,73.9,59.5,51.7,6.88,No,Graduate,Yes,1.8,71.3
STU1757,Male,60.5,3.3,62.3,57.1,68.5,7.09,No,Graduate,No,1.3,55.7
STU1758,Male,73.3,2.4,81.4,57.2,32.8,3.98,No,High School,Yes,1.3,49.6
STU1759,Female,98.5,7.6,75.8,45.4,58.0,5.96,No,Postgraduate,Yes,1.4,72.0
STU1760,Male,83.4,3.3,73.2,54.5,79.5,7.45,No,High School,Yes,1.5,67.3
STU1761,Female,84.8,6.3,69.4,86.0,64.2,7.07,No,Graduate,No,1.4,65.9
STU1762,Female,79.4,3.1,76.5,62.1,67.7,3.78,Yes,Postgraduate,Yes,0.9,66.2
STU1763,Female,82.0,4.0,,74.9,23.8,7.09,No,,Yes,2.3,60.0
STU1764,Male,87.3,23.62363058132908,70.9,30.3,60.5,7.31,Yes,High School,Yes,2.3,56.8
STU1765,Female,68.3,2.7,60.4,73.0,70.7,8.6,No,Graduate,Yes,3.3,64.1
STU1766,Female,88.5,3.9,95.4,62.7,72.5,5.88,No,Graduate,Yes,0.9,67.8
STU1767,Male,61.5,6.4,54.2,58.3,79.5,3.66,Yes,Postgraduate,Yes,2.2,62.0
STU1768,Male,81.9,3.9,76.4,67.5,63.1,5.4,No,Graduate,Yes,0.0,58.3
STU1769,Male,80.1,6.0,65.2,58.1,63.7,5.26,Yes,Graduate,Yes,2.3,64.6
STU1770,Female,70.6,4.7,96.4,35.3,47.4,7.83,Yes,Graduate,Yes,0.0,62.2
STU1771,Female,77.7,6.4,56.4,77.9,63.1,3.0,Yes,Graduate,Yes,0.5,62.5
STU1772,Male,70.5,3.4,59.0,68.4,48.3,6.17,Yes,Graduate,Yes,1.8,54.3
STU1773,Female,65.1,7.8,55.5,60.6,40.1,8.8,No,High School,No,0.9,60.9
STU1774,Female,73.8,2.6,74.9,51.5,50.8,6.81,No,High School,No,0.7,58.0
STU1775,Female,64.8,2.1,49.4,44.4,87.1,8.05,No,High School,Yes,1.0,57.6
STU1776,Male,81.9,1.3,62.8,68.1,62.2,4.5,No,Graduate,Yes,2.2,49.5
STU1777,Male,64.2,7.7,37.7,87.6,69.1,4.56,No,Postgraduate,Yes,0.6,65.7
STU1778,Male,86.5,5.0,73.6,67.8,58.8,8.81,No,Graduate,No,1.4,71.1
STU1779,Female,63.8,2.9,62.5,45.6,40.9,6.94,No,Graduate,Yes,1.1,51.1
STU1780,Female,71.2,5.7,47.7,68.2,79.1,6.94,Yes,Postgraduate,Yes,2.3,60.7
STU1781,Female,70.5,4.7,86.3,64.3,35.6,5.23,No,High School,Yes,2.3,58.9
STU1782,Male,93.9,7.0,50.4,77.1,58.2,6.94,No,High School,Yes,0.0,71.5
STU1783,Male,82.0,0.7,82.0,73.5,65.2,5.2,Yes,Postgraduate,No,2.5,48.5
STU1784,Male,,3.0,59.5,23.2,69.2,8.46,No,Postgraduate,No,0.9,57.4
STU1785,Female,,2.7,94.0,72.6,55.8,10.0,Yes,Graduate,Yes,1.7,73.2
STU1786,Male,52.7,0.0,81.2,51.0,40.3,7.48,Yes,High School,Yes,0.6,38.0
STU1787,Female,77.5,5.4,54.9,45.1,54.8,5.91,No,Postgraduate,No,1.9,56.3
STU1788,Female,100.0,3.0,56.2,62.4,55.5,3.25,Yes,Postgraduate,Yes,4.1,58.0
STU1789,Male,,4.8,79.1,70.8,55.2,4.44,No,Graduate,Yes,1.6,62.5
STU1790,Male,78.8,7.7,66.1,42.0,79.6,8.98,No,High School,Yes,1.0,74.5
STU1791,Male,84.6,2.9,67.5,74.9,49.0,5.36,Yes,,Yes,1.3,56.2
STU1792,Female,88.7,2.7,89.1,75.7,70.2,6.28,No,Postgraduate,Yes,0.0,61.0
STU1793,Female,54.0,3.7,58.8,65.7,68.2,7.72,No,Postgraduate,Yes,2.9,49.3
STU1794,Male,57.8,5.3,71.4,52.9,79.4,8.88,No,Graduate,No,1.8,67.7
STU1795,Male,80.5,2.5,84.3,51.3,64.1,6.52,No,Graduate,No,0.5,61.3
STU1796,Female,69.4,2.4,,79.4,77.1,6.23,No,Graduate,Yes,0.5,66.4
STU1797,Male,93.7,5.4,67.6,43.8,63.6,6.9,No,Graduate,Yes,1.5,61.5
STU1798,Male,74.2,4.2,65.7,79.9,72.1,5.92,Yes,Graduate,Yes,2.4,65.4
STU1799,Male,54.8,0.0,,62.7,45.0,6.0,Yes,High School,Yes,0.3,36.3
STU1800,Male,62.8,1.3,,63.7,29.1,7.38,Yes,High School,Yes,2.6,45.2
STU1801,Male,45.0,6.2,74.8,41.1,71.3,7.06,No,Postgraduate,No,1.4,56.9
STU1802,Female,75.2,4.2,67.9,62.9,72.0,9.78,Yes,High School,Yes,0.6,70.8
STU1803,Female,75.7,2.1,71.1,73.6,72.7,7.41,No,High School,Yes,1.0,69.2
STU1804,Female,,3.2,85.6,46.3,58.7,8.41,No,Postgraduate,No,3.2,59.3
STU1805,Female,90.9,3.5,52.2,72.0,86.9,5.3,No,Graduate,No,0.1,56.7
STU1806,Female,92.4,4.8,66.5,66.2,59.6,7.54,No,High School,Yes,0.8,62.7
STU1807,Male,76.0,1.1,72.8,56.0,71.9,5.79,No,Graduate,Yes,2.5,51.9
STU1808,Male,52.4,2.0,59.4,77.0,74.3,7.35,No,Postgraduate,Yes,1.7,65.5
STU1809,Female,85.4,4.0,91.5,34.2,90.1,7.76,Yes,,Yes,0.7,70.9
STU1810,Male,84.7,3.3,,69.9,61.6,6.87,No,Graduate,Yes,2.5,69.4
STU1811,Female,81.7,4.5,74.4,87.7,56.9,10.0,Yes,Graduate,Yes,2.5,71.1
STU1812,Female,89.8,1.3,96.9,85.2,45.0,8.8,No,High School,Yes,1.8,67.5
STU1813,Male,64.0,4.1,47.5,70.5,87.7,8.45,No,Graduate,Yes,0.9,66.0
STU1814,Female,100.0,5.5,69.9,60.8,71.9,7.87,Yes,High School,Yes,1.0,69.1
STU1815,Female,66.5,4.4,75.5,56.1,72.3,9.27,Yes,Graduate,Yes,1.8,64.2
STU1816,Male,87.0,3.8,56.3,60.8,100.0,4.79,No,High School,Yes,0.2,58.4
STU1817,Male,57.8,3.3,,72.6,70.6,8.72,No,High School,Yes,2.8,60.6
STU1818,Female,66.8,2.0,,53.7,47.8,5.41,No,High School,Yes,3.2,48.4
STU1819,Female,96.2,3.4,80.4,75.6,63.3,6.01,Yes,Postgraduate,No,1.3,60.5
STU1820,Male,74.9,25.108553929738985,85.9,94.9,52.4,7.59,Yes,High School,Yes,1.9,71.2
STU1821,Female,88.1,3.3,74.1,64.1,60.5,8.53,No,High School,Yes,2.7,67.4
STU1822,Male,80.8,1.9,42.2,46.2,60.4,5.18,No,High School,Yes,3.5,48.8
STU1823,Female,76.7,2.6,55.5,46.2,57.8,6.08,Yes,Graduate,No,3.1,47.9
STU1824,Female,94.4,3.9,78.5,75.9,46.5,6.94,Yes,Graduate,Yes,0.0,66.1
STU1825,Male,75.2,2.8,70.3,64.2,88.3,6.54,No,Postgraduate,Yes,1.2,59.5
STU1826,Female,56.6,4.4,29.6,77.3,70.2,8.0,No,Graduate,No,2.0,55.9
STU1827,Female,68.4,4.4,88.6,57.5,62.8,10.0,No,Graduate,Yes,1.0,73.1
STU1828,Female,84.6,5.1,72.0,76.6,76.6,7.39,No,Graduate,Yes,3.3,63.8
STU1829,Male,82.7,6.1,57.7,62.8,72.6,5.77,No,High School,Yes,3.1,73.0
STU1830,Male,59.2,5.3,84.9,54.7,69.9,4.98,No,Postgraduate,No,0.7,56.3
STU1831,Male,69.3,1.8,59.8,59.4,75.6,6.34,Yes,Postgraduate,Yes,1.3,56.8
STU1832,Male,71.0,1.9,59.7,48.2,67.9,5.48,Yes,High School,Yes,0.8,48.2
STU1833,Male,73.6,3.4,75.4,92.9,75.4,7.45,No,Graduate,No,1.3,70.2
STU1834,Female,61.5,2.7,96.7,63.7,76.5,7.43,No,High School,Yes,1.3,61.9
STU1835,Female,70.5,1.5,94.4,74.0,68.3,6.15,No,Graduate,Yes,2.5,58.0
STU1836,Female,69.3,2.7,75.4,57.5,62.9,9.58,Yes,Postgraduate,Yes,0.6,60.5
STU1837,Male,87.3,2.6,76.9,50.3,87.4,5.77,Yes,Postgraduate,Yes,0.0,60.4
STU1838,Male,87.7,2.3,81.9,61.7,59.3,6.63,Yes,Graduate,Yes,0.0,63.3
STU1839,Female,76.3,2.9,51.1,80.4,71.5,7.69,No,Graduate,Yes,0.5,62.5
STU1840,Male,73.3,5.6,79.7,57.7,71.8,8.05,No,Graduate,No,0.8,65.7
STU1841,Female,79.7,3.9,59.0,52.8,57.5,8.59,No,High School,Yes,1.7,58.6
STU1842,Female,68.2,7.9,74.8,67.2,54.7,7.4,No,Graduate,Yes,0.4,63.8
STU1843,Male,64.2,3.8,,72.0,61.0,8.27,Yes,Graduate,Yes,0.3,59.5
STU1844,Male,66.7,3.0,77.5,88.0,59.1,5.87,No,Postgraduate,Yes,0.6,61.3
STU1845,Male,70.4,3.5,71.8,70.0,45.6,8.09,Yes,Postgraduate,Yes,0.4,63.6
STU1846,Male,64.0,4.0,23.9,74.0,56.9,8.07,Yes,High School,Yes,0.9,59.0
STU1847,Male,79.9,4.3,72.7,75.1,69.7,8.92,No,High School,Yes,0.9,69.1
STU1848,Female,,7.2,79.6,48.9,83.7,4.46,No,High School,Yes,2.2,67.9
STU1849,Female,59.0,2.0,76.7,51.5,73.8,5.53,Yes,High School,Yes,0.5,51.9
STU1850,Female,78.3,5.0,68.5,49.8,29.6,7.95,Yes,Graduate,Yes,1.1,52.1
STU1851,Female,75.4,3.9,94.6,46.3,75.0,3.09,No,Postgraduate,Yes,1.0,55.4
STU1852,Female,82.1,0.7,74.7,76.1,58.2,7.49,Yes,Graduate,Yes,2.3,58.2
STU1853,Male,77.8,4.9,76.6,69.1,72.3,8.28,No,Graduate,Yes,1.3,63.9
STU1854,Male,60.6,5.8,85.7,66.1,65.8,5.99,No,Graduate,Yes,2.6,59.5
STU1855,Female,62.9,2.0,75.4,28.7,63.3,6.2,Yes,Graduate,Yes,0.3,51.2
STU1856,Male,78.4,3.5,56.5,93.8,64.6,5.3,Yes,Postgraduate,Yes,1.5,54.9
STU1857,Male,90.3,0.4,33.4,52.5,65.7,6.07,Yes,Graduate,Yes,0.9,47.9
STU1858,Female,51.4,1.2,62.8,93.7,84.8,6.11,No,Graduate,No,0.3,60.9
STU1859,Female,82.1,5.4,81.4,44.7,65.7,5.84,Yes,Postgraduate,Yes,1.4,55.4
STU1860,Female,92.3,2.7,64.7,53.6,81.2,5.77,No,Graduate,Yes,3.2,59.9
STU1861,Female,76.2,1.5,82.0,34.2,79.2,6.42,Yes,High School,Yes,0.6,51.3
STU1862,Male,84.6,3.9,72.2,70.1,75.3,6.4,No,Graduate,Yes,1.4,61.3
STU1863,Female,69.6,2.6,89.3,49.6,41.0,9.42,Yes,Graduate,Yes,0.2,60.0
STU1864,Female,76.6,2.7,65.6,50.0,81.6,6.25,Yes,Graduate,No,0.0,52.2
STU1865,Female,58.5,4.8,77.0,45.8,59.6,7.28,No,,Yes,0.7,60.8
STU1866,Female,49.9,1.4,77.6,75.9,76.0,5.99,No,Graduate,No,1.1,58.5
STU1867,Female,89.3,1.9,92.5,75.0,52.4,5.97,Yes,Graduate,Yes,1.1,65.7
STU1868,Male,66.2,3.8,44.4,90.4,49.4,4.41,Yes,Postgraduate,No,1.3,55.4
STU1869,Male,72.5,5.2,63.1,55.4,93.7,4.6,No,Graduate,No,0.0,52.4
STU1870,Male,61.4,5.7,82.7,68.1,52.6,5.11,Yes,,No,0.9,56.2
STU1871,Male,61.1,2.3,93.2,46.9,82.0,7.06,Yes,High School,Yes,2.0,61.3
STU1872,Male,75.9,5.2,73.6,60.3,67.7,8.31,No,Graduate,No,0.1,69.0
STU1873,Male,69.2,2.1,65.6,57.7,60.1,4.3,Yes,Graduate,Yes,1.1,58.0
STU1874,Female,82.5,6.8,81.4,71.5,65.4,6.03,No,High School,Yes,1.8,73.1
STU1875,Female,83.4,1.5,83.0,79.2,47.8,4.89,No,Graduate,Yes,0.7,60.7
STU1876,Female,81.9,5.9,64.6,78.9,65.8,6.43,No,,Yes,1.8,77.9
STU1877,Female,80.9,2.3,75.0,53.2,50.8,8.31,No,High School,Yes,0.0,60.8
STU1878,Female,96.9,7.1,87.7,79.0,60.5,6.17,No,Graduate,Yes,2.4,72.0
STU1879,Female,65.2,4.6,98.4,64.4,79.0,6.73,No,High School,Yes,1.9,66.3
STU1880,Male,77.3,1.7,81.1,60.5,69.6,8.84,Yes,Graduate,Yes,1.6,59.4
STU1881,Female,91.6,2.6,70.7,55.1,45.2,7.44,Yes,Graduate,Yes,2.6,60.6
STU1882,Male,93.2,4.9,69.2,57.2,77.9,5.74,No,Graduate,No,1.2,55.9
STU1883,Male,60.9,5.4,78.4,89.4,65.9,7.02,Yes,High School,Yes,0.9,62.9
STU1884,Female,74.3,3.4,68.3,69.3,58.4,5.64,Yes,Graduate,Yes,2.9,57.0
STU1885,Female,94.3,3.6,72.8,67.4,76.5,7.39,Yes,High School,No,3.3,70.6
STU1886,Male,84.1,4.9,54.1,61.3,63.7,7.52,No,Graduate,Yes,0.8,68.3
STU1887,Male,80.3,3.7,89.5,99.2,49.7,4.89,Yes,Graduate,Yes,1.4,58.9
STU1888,Male,75.4,1.2,52.9,83.3,91.9,7.05,No,Graduate,Yes,2.5,69.6
STU1889,Male,73.4,2.0,63.5,54.9,65.8,6.64,No,Graduate,Yes,1.4,56.2
STU1890,Male,81.5,3.9,71.5,61.2,64.9,7.56,No,Postgraduate,Yes,2.1,64.9
STU1891,Female,75.0,5.7,99.9,62.0,60.3,7.96,Yes,High School,Yes,2.3,62.3
STU1892,Female,77.5,6.4,63.7,67.0,82.5,7.47,No,Postgraduate,Yes,0.9,65.8
STU1893,Female,78.9,4.9,60.0,55.2,58.7,6.38,Yes,Postgraduate,Yes,1.9,64.3
STU1894,Female,69.9,4.0,61.7,71.1,44.4,8.11,No,Graduate,Yes,1.5,60.8
STU1895,Female,84.4,4.8,94.9,85.3,56.5,5.58,No,High School,Yes,0.3,67.6
STU1896,Female,100.0,2.3,27.8,46.6,84.6,4.95,Yes,High School,Yes,0.5,55.8
STU1897,Male,56.7,3.2,55.0,49.2,77.6,2.33,No,Postgraduate,No,0.8,37.4
STU1898,Male,81.9,2.0,100.0,58.2,62.4,6.7,No,High School,Yes,2.4,61.9
STU1899,Female,68.9,1.3,78.9,58.9,85.2,5.65,No,Postgraduate,Yes,2.5,62.5
STU1900,Male,84.9,4.1,53.4,93.0,76.5,7.36,No,Graduate,Yes,2.2,72.0
STU1901,Male,78.6,3.8,69.4,79.0,62.3,4.04,No,Graduate,Yes,1.9,57.2
STU1902,Male,87.1,4.7,71.0,78.2,63.7,5.89,No,Graduate,Yes,1.9,71.9
STU1903,Female,92.1,4.5,82.7,61.3,70.6,7.46,No,High School,Yes,1.8,63.3
STU1904,Male,80.3,3.9,,61.0,54.4,5.36,Yes,Graduate,Yes,1.9,57.2
STU1905,Female,91.6,4.5,75.8,44.7,66.1,7.37,No,Postgraduate,No,2.0,72.0
STU1906,Male,49.9,3.4,61.9,75.9,70.3,6.02,No,High School,Yes,0.1,57.2
STU1907,Male,97.1,4.2,81.8,71.9,42.4,6.75,No,Postgraduate,Yes,0.7,64.7
STU1908,Male,82.5,2.2,59.5,83.0,63.3,7.63,No,Postgraduate,No,0.5,60.4
STU1909,Male,90.9,4.2,54.5,62.0,61.8,8.13,Yes,High School,Yes,2.6,61.2
STU1910,Female,63.4,4.7,43.6,63.0,80.4,6.93,No,Graduate,No,3.2,58.2
STU1911,Male,68.0,2.3,46.5,67.4,40.2,5.66,Yes,High School,Yes,0.0,50.1
STU1912,Male,79.8,3.6,56.6,77.5,60.7,6.16,Yes,Graduate,Yes,3.1,59.7
STU1913,Female,77.8,2.4,52.3,44.4,59.3,7.69,No,Postgraduate,Yes,1.6,50.4
STU1914,Female,81.4,2.6,74.7,75.3,79.4,5.37,Yes,Postgraduate,Yes,2.5,62.3
STU1915,Male,91.0,1.5,52.0,64.7,65.4,6.55,Yes,Postgraduate,Yes,2.0,55.4
STU1916,Female,56.8,5.8,22.8,50.2,91.1,6.26,Yes,High School,No,2.9,48.7
STU1917,Female,89.7,5.4,54.3,35.8,75.3,6.66,No,Graduate,Yes,1.7,67.8
STU1918,Male,78.1,4.5,62.9,63.1,60.3,5.39,No,High School,No,0.1,66.5
STU1919,Female,75.6,7.0,60.9,85.3,69.4,4.21,No,Postgraduate,Yes,1.4,71.8
STU1920,Female,60.3,3.2,,88.4,61.0,7.53,Yes,High School,Yes,2.0,66.6
STU1921,Female,,9.0,60.8,70.0,78.0,8.15,No,High School,No,1.3,72.2
STU1922,Male,,3.1,83.2,92.5,47.3,4.29,Yes,High School,No,2.2,50.8
STU1923,Male,85.8,4.0,69.7,64.4,54.5,7.32,No,High School,Yes,1.4,65.0
STU1924,Male,60.1,2.8,69.4,78.3,72.4,8.32,No,High School,Yes,0.9,59.7
STU1925,Female,78.6,4.2,57.5,58.7,83.2,7.63,Yes,High School,Yes,0.4,69.6
STU1926,Female,76.6,5.0,69.1,57.8,35.2,6.22,No,Postgraduate,Yes,1.1,48.7
STU1927,Male,92.0,3.3,58.5,55.5,85.2,5.48,Yes,Postgraduate,Yes,1.7,59.7
STU1928,Male,75.9,6.7,72.6,36.2,64.0,6.91,No,High School,Yes,0.0,66.6
STU1929,Female,69.7,3.9,66.5,83.0,39.6,7.15,Yes,Postgraduate,Yes,0.7,55.7
STU1930,Female,71.9,4.0,55.8,56.0,24.0,6.93,No,Graduate,Yes,0.0,52.1
STU1931,Female,93.3,1.9,84.9,53.8,44.6,6.55,No,Postgraduate,Yes,0.9,62.1
STU1932,Male,84.4,4.3,76.4,48.5,65.7,5.28,No,Graduate,Yes,2.7,66.6
STU1933,Female,73.4,3.3,63.3,62.1,65.1,7.39,No,Graduate,Yes,0.3,54.0
STU1934,Male,75.2,2.4,72.2,89.7,74.9,7.46,Yes,Graduate,Yes,2.2,58.4
STU1935,Female,59.2,2.1,68.7,94.3,58.3,7.08,No,High School,No,4.3,52.4
STU1936,Male,82.7,8.3,57.0,41.7,50.5,6.96,No,Graduate,No,3.0,55.8
STU1937,Male,56.9,3.0,71.1,60.0,60.2,9.15,Yes,Postgraduate,Yes,1.6,53.0
STU1938,Male,87.0,0.9,60.7,50.5,66.5,5.93,Yes,Postgraduate,Yes,2.4,50.0
STU1939,Female,79.5,2.2,55.8,78.8,69.2,8.59,Yes,Graduate,No,0.1,67.2
STU1940,Female,100.0,3.4,45.7,69.0,55.0,5.77,Yes,Graduate,No,0.0,56.8
STU1941,Male,64.8,4.5,64.6,56.1,78.6,8.35,No,Postgraduate,No,1.5,61.6
STU1942,Female,76.8,4.5,78.5,66.0,57.3,8.53,No,High School,Yes,1.9,62.0
STU1943,Male,99.6,4.7,59.6,58.3,53.8,6.39,No,High School,Yes,2.6,66.2
STU1944,Male,92.3,2.3,100.0,87.6,58.4,9.13,No,Graduate,Yes,0.9,81.0
STU1945,Male,69.6,4.1,83.3,72.7,81.0,7.46,Yes,High School,Yes,1.7,62.4
STU1946,Female,80.7,1.9,89.6,74.4,64.1,5.57,No,Graduate,Yes,1.7,68.1
STU1947,Male,78.0,2.4,81.9,27.7,56.3,6.28,Yes,High School,Yes,1.4,56.1
STU1948,Female,81.4,1.8,97.8,64.1,79.0,8.39,Yes,Graduate,Yes,1.4,67.6
STU1949,Male,69.6,1.4,58.2,94.2,96.0,8.09,Yes,Graduate,Yes,0.6,65.8
STU1950,Male,76.9,5.4,31.6,83.6,68.9,5.32,Yes,Postgraduate,Yes,1.8,60.5
STU1951,Male,58.8,4.7,63.3,39.1,83.3,6.61,No,Graduate,Yes,1.7,65.3
STU1952,Female,79.6,5.3,78.4,60.6,80.5,7.08,No,Graduate,Yes,1.1,69.7
STU1953,Male,83.4,3.6,72.3,48.2,57.5,6.09,Yes,Postgraduate,Yes,2.2,60.9
STU1954,Female,75.3,4.9,74.1,89.0,66.4,10.0,Yes,Graduate,No,2.5,69.3
STU1955,Female,58.6,0.3,89.8,68.4,48.0,7.13,No,Graduate,Yes,2.2,57.4
STU1956,Male,89.9,5.1,75.7,54.3,63.1,6.71,Yes,High School,Yes,0.5,61.0
STU1957,Female,82.4,3.8,82.0,65.5,57.2,8.47,No,Graduate,Yes,1.6,67.1
STU1958,Female,69.3,4.6,55.9,28.5,60.4,6.29,No,Graduate,Yes,0.6,66.3
STU1959,Male,74.6,4.2,53.6,49.8,55.5,8.21,No,Graduate,Yes,1.6,48.1
STU1960,Male,60.0,1.7,94.2,65.5,62.0,4.47,No,Postgraduate,Yes,0.6,54.0
STU1961,Male,65.7,0.8,71.5,76.8,73.5,6.16,No,Postgraduate,No,2.8,55.4
STU1962,Female,71.5,2.2,60.7,37.8,64.3,8.27,No,Postgraduate,Yes,2.3,55.0
STU1963,Male,92.7,4.5,,59.7,39.9,9.0,No,Graduate,No,2.7,62.9
STU1964,Female,70.3,4.7,60.3,79.1,55.6,5.72,No,Postgraduate,Yes,2.6,59.2
STU1965,Female,85.7,1.0,59.4,44.7,44.7,5.55,No,Postgraduate,Yes,1.2,49.0
STU1966,Female,71.5,1.7,50.8,68.2,69.4,7.59,No,High School,Yes,1.1,57.8
STU1967,Male,81.0,2.2,47.5,65.9,73.0,5.93,No,Graduate,Yes,3.2,53.9
STU1968,Female,76.3,2.9,67.1,89.0,69.6,6.42,Yes,High School,No,1.3,69.6
STU1969,Male,88.5,1.0,61.1,61.8,55.0,8.03,No,High School,Yes,0.1,57.9
STU1970,Male,71.6,0.9,86.6,62.6,69.5,6.04,No,High School,Yes,2.5,59.2
STU1971,Male,59.1,2.0,74.4,77.0,59.4,4.05,No,Graduate,Yes,1.6,47.9
STU1972,Male,61.4,3.7,74.0,46.4,50.1,4.98,Yes,High School,No,3.0,53.7
STU1973,Male,71.6,1.4,58.9,61.9,76.4,6.81,Yes,High School,Yes,1.7,59.2
STU1974,Male,63.0,3.3,68.2,58.6,77.5,4.19,Yes,High School,Yes,1.5,55.1
STU1975,Male,82.9,5.4,75.4,63.1,79.3,6.38,No,Graduate,Yes,3.0,62.1
STU1976,Male,72.4,1.2,80.7,76.9,57.5,4.85,No,Postgraduate,Yes,0.0,51.1
STU1977,Female,100.0,3.1,68.6,72.8,82.5,9.1,No,Postgraduate,Yes,0.9,79.9
STU1978,Male,57.1,5.3,86.2,54.5,59.1,9.83,Yes,Graduate,Yes,0.6,62.5
STU1979,Female,,2.7,70.1,66.9,75.1,5.32,Yes,High School,No,0.0,60.4
STU1980,Female,64.5,2.5,81.9,85.9,58.8,7.16,No,Postgraduate,Yes,2.4,56.5
STU1981,Female,72.1,5.6,62.7,53.4,62.9,5.46,No,High School,Yes,0.9,62.7
STU1982,Female,79.7,2.9,42.8,67.0,32.1,6.37,No,Postgraduate,Yes,2.4,49.5
STU1983,Female,50.1,5.5,74.0,62.3,61.8,9.32,Yes,Graduate,Yes,1.9,59.1
STU1984,Female,80.8,4.3,80.9,64.1,67.3,6.15,Yes,Graduate,Yes,2.1,60.2
STU1985,Female,100.0,2.9,78.6,42.2,60.3,6.4,No,High School,No,1.0,57.9
STU1986,Female,72.6,4.4,76.3,84.8,90.6,5.48,No,High School,Yes,0.7,67.0
STU1987,Male,81.1,4.1,64.8,54.2,49.7,8.4,Yes,Graduate,Yes,1.6,62.4
STU1988,Male,90.3,5.3,57.9,79.4,58.1,2.23,No,,No,2.4,50.9
STU1989,Female,76.0,2.5,78.3,56.3,53.3,6.18,No,Postgraduate,Yes,1.4,56.6
STU1990,Male,71.0,3.6,76.4,56.2,58.1,6.74,No,Graduate,Yes,0.8,53.7
STU1991,Female,50.7,3.4,61.6,82.0,80.4,5.87,No,Graduate,Yes,0.3,59.2
STU1992,Male,85.7,4.8,86.6,78.9,86.7,8.01,No,High School,Yes,1.7,77.3
STU1993,Male,76.6,1.7,56.8,67.9,56.2,8.48,No,Graduate,Yes,0.9,58.6
STU1994,Female,65.8,5.3,61.2,75.7,55.9,4.82,No,High School,Yes,1.4,58.1
STU1995,Female,,4.3,94.5,61.0,49.8,9.73,No,Graduate,No,1.3,75.8
STU1996,Female,71.0,1.1,83.0,64.9,84.3,4.81,No,Graduate,Yes,1.1,55.4
STU1997,Male,71.7,5.7,64.6,55.7,81.7,8.6,No,Postgraduate,No,1.8,61.4
STU1998,Female,85.3,7.5,74.3,77.7,64.5,7.01,Yes,Graduate,Yes,2.1,74.3
STU1999,Female,61.9,5.3,,55.3,46.5,6.09,Yes,,No,3.5,49.9
STU2000,Female,90.6,6.1,28.8,85.8,47.7,6.23,No,Postgraduate,Yes,2.3,60.9
STU2001,Female,61.2,3.7,56.4,60.6,68.4,6.75,Yes,Graduate,No,3.1,51.8
STU2002,Female,70.0,0.5,69.2,65.3,73.7,7.09,No,Graduate,No,0.7,51.6
STU2003,Female,100.0,0.2,,75.6,37.1,5.51,No,Graduate,No,0.0,52.5
STU2004,Male,91.5,4.0,73.7,65.3,61.5,6.47,No,Postgraduate,Yes,1.5,68.2
STU2005,Female,79.2,2.4,86.9,60.8,88.7,5.72,No,High School,Yes,2.4,67.1
STU2006,Female,66.7,1.9,65.2,64.6,63.0,5.1,No,Graduate,Yes,2.2,56.1
STU2007,Female,71.6,3.4,54.1,77.5,86.9,5.66,No,Postgraduate,Yes,2.7,60.9
STU2008,Female,78.9,4.6,74.9,55.7,75.1,5.19,No,High School,Yes,0.0,59.7
STU2009,Female,78.5,0.9,65.1,63.2,50.8,6.21,Yes,Postgraduate,No,2.8,41.4
STU2010,Male,76.9,2.7,67.7,65.1,61.9,7.41,Yes,Graduate,Yes,1.8,61.8
STU2011,Female,77.6,6.2,65.6,77.1,64.2,6.97,No,High School,No,0.0,55.0
STU2012,Male,,1.6,100.0,63.6,52.7,9.56,No,High School,Yes,2.2,56.7
STU2013,Male,60.7,5.1,36.4,90.3,52.4,3.71,No,Postgraduate,No,1.7,49.0
STU2014,Female,71.8,2.6,64.2,62.8,87.1,7.46,Yes,Postgraduate,No,1.9,61.0
STU2015,Female,89.0,4.5,69.9,61.7,52.3,6.81,No,High School,Yes,2.5,61.2
STU2016,Male,61.6,5.5,58.3,62.6,81.1,7.94,No,High School,Yes,1.9,70.1
STU2017,Male,75.7,4.8,83.5,46.6,59.9,7.8,No,High School,Yes,0.0,65.9
STU2018,Male,68.2,5.1,82.2,50.5,65.6,6.57,No,High School,No,1.4,58.8
STU2019,Male,79.3,1.4,69.3,57.6,73.9,7.04,No,Graduate,No,0.0,63.3
STU2020,Male,73.3,5.5,65.9,80.9,57.6,5.76,No,High School,Yes,2.1,68.9
STU2021,Male,95.7,2.0,68.3,64.5,74.0,7.66,No,High School,Yes,2.9,67.1
STU2022,Female,84.1,4.0,68.4,58.2,37.3,4.17,No,High School,Yes,0.3,50.4
STU2023,Female,62.3,4.0,68.8,82.2,72.2,7.89,No,Graduate,Yes,0.8,61.1
STU2024,Female,86.1,4.4,67.2,86.7,31.4,6.77,Yes,Graduate,No,0.6,54.5
STU2025,Male,68.7,4.1,73.8,82.6,62.8,6.12,No,Graduate,Yes,1.0,61.1
STU2026,Male,71.1,2.0,81.3,53.1,78.0,6.47,Yes,Graduate,No,1.9,52.1
STU2027,Male,81.8,1.1,51.5,58.1,74.7,6.58,No,Postgraduate,No,1.1,52.5
STU2028,Female,72.1,5.1,54.2,90.4,47.8,8.62,No,Graduate,No,2.2,64.6
STU2029,Male,88.7,3.8,43.8,68.4,49.6,10.0,Yes,Postgraduate,Yes,2.6,56.4
STU2030,Male,68.7,5.6,83.0,61.3,56.4,8.51,Yes,Graduate,Yes,2.6,60.6
STU2031,Male,70.6,3.4,73.8,75.1,68.6,6.01,Yes,High School,No,0.4,56.4
STU2032,Female,70.1,1.0,77.6,79.1,37.6,7.68,Yes,Postgraduate,Yes,2.9,56.3
STU2033,Male,71.2,5.2,48.6,57.0,65.8,7.74,No,Graduate,No,3.0,57.1
STU2034,Male,91.2,2.8,96.8,68.1,70.4,5.5,Yes,Graduate,Yes,3.1,63.7
STU2035,Female,85.5,4.1,60.9,78.0,62.0,5.03,Yes,High School,Yes,1.3,57.2
STU2036,Female,98.5,2.3,72.5,48.8,73.4,6.71,No,Graduate,No,0.7,54.9
STU2037,Male,100.0,6.5,,65.2,69.1,7.93,Yes,Postgraduate,No,0.5,71.1
STU2038,Male,65.6,1.9,55.2,49.4,58.4,4.54,No,High School,Yes,0.4,46.2
STU2039,Female,78.8,2.9,61.8,51.2,38.9,5.79,No,High School,Yes,1.5,51.2
STU2040,Female,63.9,3.7,,57.1,67.9,7.6,No,High School,Yes,2.3,60.4
STU2041,Female,68.7,1.5,100.0,71.7,52.7,6.86,No,Graduate,Yes,2.8,61.4
STU2042,Male,70.4,4.1,74.5,60.5,57.9,8.78,Yes,Postgraduate,Yes,1.0,66.7
STU2043,Male,,6.4,94.1,55.9,72.7,4.82,No,Graduate,Yes,1.5,59.7
STU2044,Female,65.4,2.6,88.1,65.7,85.8,10.0,No,Postgraduate,Yes,1.4,61.3
STU2045,Male,76.3,4.2,75.5,48.9,65.5,4.65,Yes,Graduate,Yes,0.9,62.4
STU2046,Male,63.4,0.0,55.2,71.0,73.8,3.96,No,,Yes,2.2,48.5
STU2047,Female,88.1,3.4,85.9,80.8,45.8,6.72,No,High School,Yes,1.9,60.5
STU2048,Female,67.0,2.9,47.5,63.9,69.4,5.21,No,High School,Yes,1.6,53.6
STU2049,Male,100.0,2.0,94.0,62.2,65.2,6.75,No,Graduate,Yes,1.9,70.9
STU2050,Female,72.6,5.4,73.0,70.2,83.2,6.7,Yes,High School,Yes,2.1,73.9
STU2051,Male,78.9,2.9,30.2,36.6,58.4,6.53,No,High School,Yes,2.1,51.6
STU2052,Female,62.5,3.2,64.9,72.5,62.6,5.62,No,Postgraduate,Yes,0.7,59.8
STU2053,Female,98.5,2.8,79.8,100.0,80.8,7.41,No,Graduate,Yes,2.4,67.5
STU2054,Male,91.4,0.0,66.4,63.3,64.7,6.36,Yes,High School,No,1.8,55.2
STU2055,Female,81.6,1.5,80.7,63.3,50.5,8.35,No,Graduate,No,1.1,58.1
STU2056,Male,61.8,5.2,57.2,75.4,100.0,6.55,No,Graduate,No,1.7,63.9
STU2057,Female,80.5,0.0,50.4,88.0,50.9,5.45,Yes,Postgraduate,No,1.8,57.5
STU2058,Male,64.5,2.1,68.9,78.6,65.1,4.44,No,Graduate,Yes,2.6,54.2
STU2059,Male,95.5,2.8,70.5,34.8,70.9,6.56,No,High School,No,0.5,54.7
STU2060,Female,87.7,6.6,64.8,72.9,69.7,5.02,No,High School,Yes,2.8,60.1
STU2061,Female,,4.9,88.4,100.0,63.3,4.91,No,High School,Yes,1.5,73.8
STU2062,Male,48.8,2.5,57.2,73.7,63.4,7.54,Yes,Graduate,No,1.0,54.9
STU2063,Female,66.2,5.8,74.7,48.8,62.7,4.31,No,,Yes,1.0,58.2
STU2064,Female,86.3,2.2,71.0,68.9,50.4,8.78,No,Graduate,Yes,0.5,61.9
STU2065,Male,92.6,5.3,46.6,47.1,96.1,7.02,No,Graduate,Yes,0.0,67.2
STU2066,Female,91.3,1.1,50.2,82.3,62.9,6.74,No,Graduate,Yes,2.2,54.6
STU2067,Female,58.9,5.4,70.2,51.6,74.4,5.35,Yes,High School,Yes,3.5,58.9
STU2068,Male,81.6,2.8,99.7,66.0,61.3,7.87,No,High School,No,0.0,59.8
STU2069,Male,90.2,1.6,78.7,53.0,61.0,6.8,No,Graduate,Yes,0.5,58.4
STU2070,Female,58.1,3.1,44.1,57.3,59.6,5.84,No,Graduate,Yes,2.3,46.7
STU2071,Male,77.9,4.0,23.3,85.8,44.3,7.08,No,Postgraduate,Yes,1.5,41.8
STU2072,Female,81.3,2.6,81.0,66.4,63.8,4.44,No,High School,Yes,2.3,55.8
STU2073,Female,74.4,4.5,68.6,57.2,60.3,4.51,Yes,,Yes,1.4,52.0
STU2074,Male,55.8,2.5,87.1,49.0,82.4,5.23,No,High School,Yes,0.9,53.4
STU2075,Male,74.1,4.6,56.8,38.8,49.2,7.29,Yes,Graduate,Yes,1.3,56.4
STU2076,Female,74.1,4.3,75.3,47.5,57.9,6.8,No,High School,Yes,0.0,67.3
STU2077,Male,76.2,3.4,82.7,66.6,53.4,8.27,No,Graduate,Yes,0.4,65.3
STU2078,Male,71.2,2.7,63.3,78.7,86.2,5.51,No,High School,Yes,2.4,60.8
STU2079,Female,72.7,3.8,63.6,57.2,53.8,7.6,Yes,High School,Yes,2.7,61.2
STU2080,Female,77.5,4.5,70.4,87.0,73.9,6.64,Yes,Graduate,Yes,2.9,70.0
STU2081,Female,83.3,7.2,78.1,55.0,79.6,5.48,No,Graduate,Yes,1.9,69.4
STU2082,Female,74.3,5.2,69.8,61.7,64.0,7.34,No,Graduate,Yes,0.0,64.9
STU2083,Female,73.1,5.3,84.6,49.9,46.7,6.71,No,Graduate,Yes,0.9,64.0
STU2084,Male,79.1,9.1,63.1,78.9,46.9,5.92,No,Postgraduate,Yes,2.8,56.6
STU2085,Female,54.9,4.4,50.1,94.4,78.0,6.86,No,High School,No,3.1,68.2
STU2086,Female,83.7,4.4,99.7,40.3,48.4,6.62,No,Graduate,Yes,2.9,69.6
STU2087,Female,78.0,4.8,60.9,60.2,71.5,6.58,No,Postgraduate,No,1.3,61.3
STU2088,Female,78.5,1.7,61.5,82.7,67.6,6.22,No,Graduate,Yes,0.2,52.2
STU2089,Male,89.5,2.7,69.0,44.7,71.3,4.97,No,Graduate,Yes,1.5,62.4
STU2090,Female,54.6,2.6,71.0,72.9,72.6,6.9,Yes,,No,1.5,52.5
STU2091,Male,54.3,4.7,64.2,82.1,52.9,5.68,No,High School,Yes,3.1,58.2
STU2092,Female,81.3,3.2,,66.1,52.3,5.37,Yes,Graduate,No,1.7,50.0
STU2093,Male,77.9,3.7,69.4,72.7,76.0,6.46,No,Graduate,No,1.5,71.5
STU2094,Male,80.0,5.5,72.6,89.7,57.2,7.83,No,,Yes,1.6,62.7
STU2095,Male,,5.1,34.6,92.3,27.5,7.06,No,Postgraduate,No,1.9,56.0
STU2096,Female,86.0,3.2,98.2,64.1,75.1,6.06,No,High School,No,2.1,54.9
STU2097,Female,89.2,2.3,67.8,57.5,51.5,6.0,Yes,High School,Yes,0.8,57.1
STU2098,Male,83.8,5.5,78.7,52.1,72.5,7.69,Yes,,Yes,0.4,66.1
STU2099,Male,74.9,4.9,49.3,78.7,85.5,3.44,Yes,Graduate,Yes,2.9,62.7
STU2100,Male,52.7,0.6,62.9,45.8,66.2,7.92,Yes,Graduate,No,0.0,46.9
STU2101,Male,87.2,2.9,59.9,61.5,79.9,4.18,No,Graduate,No,3.1,60.7
STU2102,Female,92.7,3.8,92.0,66.4,68.2,4.82,No,Graduate,No,0.0,58.4
STU2103,Male,85.7,4.9,61.2,58.0,88.2,6.08,Yes,Postgraduate,Yes,0.9,63.2
STU2104,Male,67.4,5.1,81.4,68.9,51.1,9.84,No,Graduate,Yes,2.5,66.7
STU2105,Male,86.1,4.0,60.2,100.0,65.9,9.15,Yes,High School,Yes,1.5,73.4
STU2106,Male,88.3,4.6,63.2,63.3,75.4,7.79,Yes,Graduate,Yes,0.2,68.7
STU2107,Female,96.7,3.6,66.3,58.9,63.3,7.3,No,Graduate,Yes,1.9,68.0
STU2108,Female,67.5,2.3,89.3,79.2,82.1,4.19,Yes,High School,Yes,1.6,59.5
STU2109,Male,,3.0,41.7,68.4,60.0,7.02,No,High School,Yes,1.3,59.3
STU2110,Female,87.0,3.5,50.3,85.2,95.0,6.03,No,Graduate,Yes,0.9,61.0
STU2111,Male,78.7,3.4,40.8,67.3,95.7,5.66,Yes,Graduate,Yes,1.5,60.8
STU2112,Male,64.6,0.1,53.7,61.5,69.9,7.02,Yes,Postgraduate,Yes,0.9,58.5
STU2113,Male,83.0,2.8,57.8,40.0,73.7,6.14,Yes,Graduate,Yes,3.9,48.8
STU2114,Male,84.9,3.6,45.8,42.3,82.7,8.02,Yes,High School,Yes,1.3,63.5
STU2115,Male,79.1,3.0,59.0,39.3,49.4,4.09,No,Graduate,No,1.1,50.5
STU2116,Female,80.6,3.1,39.8,70.3,47.6,6.91,No,Graduate,Yes,1.0,62.3
STU2117,Female,74.9,4.4,54.7,45.9,83.6,5.57,No,Postgraduate,Yes,3.3,60.8
STU2118,Female,95.7,1.6,88.0,82.6,69.8,6.23,Yes,Graduate,Yes,0.0,66.1
STU2119,Male,67.2,0.6,76.1,65.4,62.8,7.23,No,Graduate,Yes,1.9,57.5
STU2120,Male,,2.9,72.8,61.6,66.2,5.24,Yes,Postgraduate,Yes,1.3,52.5
STU2121,Male,,4.9,55.0,53.2,32.6,7.03,No,Graduate,Yes,0.1,54.9
STU2122,Male,88.5,6.5,47.0,73.7,63.3,6.5,Yes,High School,Yes,0.7,59.6
STU2123,Male,60.0,4.9,52.9,53.7,55.5,5.88,No,Graduate,Yes,1.8,59.9
STU2124,Female,62.3,0.9,69.4,51.2,78.9,6.14,Yes,Graduate,Yes,0.6,54.3
STU2125,Female,53.5,3.1,83.0,81.6,79.9,6.58,Yes,Graduate,Yes,1.8,56.4
STU2126,Female,78.4,4.0,83.5,70.0,74.1,5.73,No,Postgraduate,Yes,3.2,64.6
STU2127,Female,64.6,3.8,79.5,61.7,71.5,6.81,Yes,High School,Yes,1.7,65.8
STU2128,Female,73.4,4.5,58.9,74.0,45.0,6.41,No,Graduate,Yes,0.0,62.7
STU2129,Female,85.9,1.8,70.4,65.1,74.3,5.94,No,High School,Yes,0.7,55.5
STU2130,Male,70.3,3.6,65.2,70.4,74.8,9.03,No,High School,Yes,1.2,51.3
STU2131,Female,80.8,4.3,67.0,53.6,83.4,7.38,Yes,Graduate,Yes,1.1,66.3
STU2132,Female,74.4,5.0,100.0,94.0,95.7,6.26,No,Postgraduate,Yes,1.7,69.0
STU2133,Female,86.1,2.0,43.6,56.9,42.3,7.0,Yes,Graduate,Yes,1.8,56.5
STU2134,Female,83.7,2.9,66.5,86.8,60.6,5.36,No,Graduate,Yes,3.2,64.4
STU2135,Male,69.7,0.0,88.2,62.4,55.6,6.19,No,High School,Yes,1.5,58.5
STU2136,Female,76.0,2.4,48.0,76.3,68.4,6.35,No,Graduate,Yes,0.3,64.7
STU2137,Male,90.5,2.6,60.3,75.3,66.2,5.05,No,Graduate,Yes,2.7,64.5
STU2138,Female,82.7,1.7,62.1,81.1,62.7,7.34,No,Postgraduate,Yes,2.8,68.6
STU2139,Female,61.2,3.8,66.7,53.2,80.4,6.09,No,Graduate,Yes,1.7,63.0
STU2140,Female,85.9,3.4,46.1,80.1,50.6,6.3,Yes,Postgraduate,Yes,1.3,65.1
STU2141,Male,65.0,0.0,78.9,90.9,51.4,6.0,No,Postgraduate,No,2.1,52.2
STU2142,Female,95.0,3.9,80.0,61.4,51.7,10.0,Yes,Graduate,Yes,1.3,65.1
STU2143,Female,90.3,1.8,77.6,65.5,61.0,5.87,Yes,Graduate,Yes,0.0,70.9
STU2144,Male,81.5,4.4,56.9,57.7,48.8,3.9,No,Graduate,Yes,2.1,53.5
STU2145,Male,79.9,1.2,71.3,60.1,65.3,4.56,Yes,Postgraduate,Yes,2.4,58.6
STU2146,Female,75.5,3.6,56.5,89.0,63.7,7.86,No,Graduate,Yes,2.9,61.3
STU2147,Female,,3.0,65.0,50.9,55.0,8.67,Yes,Graduate,No,0.8,64.9
STU2148,Female,73.6,4.0,100.0,51.8,78.2,5.85,No,Graduate,Yes,1.7,52.5
STU2149,Female,80.8,3.7,71.4,87.6,65.2,8.59,No,Graduate,Yes,1.7,66.7
STU2150,Male,88.5,3.0,52.2,73.7,80.9,7.84,Yes,Postgraduate,Yes,1.6,64.7
STU2151,Female,71.3,0.7,72.7,94.7,63.3,6.53,No,Postgraduate,No,1.6,59.0
STU2152,Male,70.6,0.8,49.7,58.7,65.7,6.44,No,High School,No,1.5,54.5
STU2153,Female,63.7,2.4,52.0,66.8,58.1,7.05,No,,No,1.7,47.7
STU2154,Male,65.2,3.5,54.4,55.8,65.9,8.03,Yes,Postgraduate,Yes,2.2,60.8
STU2155,Female,56.1,2.4,63.3,67.0,76.0,7.36,No,,Yes,2.7,62.0
STU2156,Male,,4.6,84.1,40.2,60.2,5.85,No,Postgraduate,Yes,0.7,71.8
STU2157,Female,99.7,3.0,78.7,74.6,73.3,6.56,No,Graduate,Yes,1.3,70.8
STU2158,Male,95.1,1.8,77.8,69.5,54.6,9.57,Yes,Postgraduate,Yes,1.1,65.6
STU2159,Male,58.5,3.0,53.5,64.2,76.6,7.15,Yes,Graduate,No,0.9,49.0
STU2160,Female,86.7,3.9,61.9,59.5,57.9,8.02,No,High School,Yes,0.0,71.6
STU2161,Male,95.1,4.1,74.1,52.5,77.9,7.56,Yes,High School,Yes,1.5,71.0
STU2162,Female,72.5,6.9,60.6,75.2,66.9,7.18,No,Graduate,Yes,2.0,66.4
STU2163,Female,79.2,2.3,65.8,48.6,87.3,6.95,No,High School,Yes,1.3,52.7
STU2164,Female,53.9,3.4,76.6,72.2,49.8,8.06,No,Postgraduate,Yes,1.5,54.2
STU2165,Male,81.2,4.3,64.8,94.0,45.3,7.81,Yes,Graduate,No,1.9,66.8
STU2166,Male,65.2,3.5,73.4,85.8,57.4,7.17,Yes,Graduate,Yes,2.9,62.8
STU2167,Male,80.4,2.6,93.9,43.9,46.6,5.83,No,High School,Yes,1.1,48.2
STU2168,Female,59.3,0.7,67.4,57.5,46.6,7.34,No,Postgraduate,Yes,0.3,53.2
STU2169,Female,84.5,2.6,87.7,70.9,74.7,6.71,No,Graduate,Yes,1.4,58.1
STU2170,Female,90.3,1.6,78.4,64.0,65.9,6.37,No,Postgraduate,Yes,3.4,66.9
STU2171,Female,68.6,0.4,48.0,45.4,59.3,10.0,No,Postgraduate,Yes,0.3,55.3
STU2172,Male,64.4,2.1,53.5,70.4,60.6,4.65,Yes,Graduate,Yes,2.2,47.7
STU2173,Male,52.1,1.6,57.5,64.9,57.6,8.14,No,Postgraduate,Yes,2.7,57.2
STU2174,Male,74.8,4.6,57.2,91.8,89.1,5.59,Yes,Graduate,No,0.0,64.3
STU2175,Male,71.0,4.6,68.6,61.5,55.7,6.98,Yes,Graduate,Yes,1.9,66.1
STU2176,Male,59.4,1.9,79.2,81.4,47.5,10.0,Yes,High School,Yes,2.1,62.3
STU2177,Male,83.4,3.0,88.8,47.3,77.1,5.45,Yes,High School,No,1.2,60.0
STU2178,Male,72.6,0.2,74.6,50.6,63.0,5.79,No,Graduate,Yes,0.9,50.1
STU2179,Male,65.1,2.6,63.3,75.1,94.5,6.78,Yes,Graduate,No,0.9,60.5
STU2180,Female,71.3,4.2,38.8,80.2,58.6,5.61,Yes,Graduate,No,1.2,61.6
STU2181,Female,90.9,5.0,71.1,51.6,77.8,8.04,Yes,Postgraduate,No,1.2,65.0
STU2182,Female,85.2,2.2,70.4,65.3,81.2,6.05,No,Graduate,Yes,1.0,64.1
STU2183,Male,76.4,5.4,72.7,45.7,58.7,7.72,No,High School,Yes,1.2,59.1
STU2184,Male,85.4,0.8,100.0,62.5,55.6,4.94,No,Graduate,Yes,2.7,48.1
STU2185,Male,64.1,1.3,88.6,76.7,76.4,4.27,No,High School,Yes,0.3,55.9
STU2186,Male,78.4,4.8,81.8,58.9,74.0,6.48,No,Postgraduate,No,0.0,64.8
STU2187,Female,79.8,6.5,55.6,61.5,46.3,4.6,No,Graduate,Yes,2.7,57.2
STU2188,Female,72.4,4.4,62.3,49.2,50.2,8.93,Yes,Graduate,Yes,1.3,54.3
STU2189,Male,83.2,3.4,68.6,55.9,30.5,4.66,Yes,Graduate,Yes,1.1,54.0
STU2190,Male,68.6,0.0,58.4,89.6,74.3,5.35,Yes,Graduate,Yes,1.4,54.4
STU2191,Male,84.1,0.0,77.5,66.0,62.3,7.38,No,Graduate,Yes,1.7,54.7
STU2192,Male,84.6,3.7,75.4,51.0,63.7,5.98,Yes,High School,Yes,1.0,54.3
STU2193,Female,43.0,2.9,53.7,60.6,42.3,4.67,Yes,Graduate,Yes,2.0,42.3
STU2194,Female,92.3,1.5,88.0,42.6,50.6,9.66,No,Postgraduate,No,0.5,65.9
STU2195,Female,41.4,3.6,71.5,50.8,59.3,5.4,Yes,High School,Yes,1.2,50.8
STU2196,Female,70.6,3.7,44.1,84.0,56.6,6.53,Yes,Graduate,No,0.0,51.9
STU2197,Female,90.3,5.2,69.2,63.0,67.6,6.51,Yes,High School,Yes,2.7,66.5
STU2198,Female,74.2,3.7,,91.5,74.2,7.79,No,Graduate,No,1.3,70.0
STU2199,Female,60.4,5.7,84.6,63.7,97.8,7.45,Yes,High School,Yes,2.2,62.9
STU2200,Female,64.9,3.5,64.9,64.5,65.7,5.64,Yes,Postgraduate,Yes,2.0,55.9
STU2201,Male,90.3,3.3,82.4,74.0,81.6,6.34,Yes,High School,No,2.0,71.7
STU2202,Female,54.9,5.4,72.8,27.6,54.4,6.48,No,Graduate,Yes,1.5,47.9
STU2203,Female,91.5,1.7,50.3,67.9,42.6,7.85,Yes,High School,Yes,1.9,63.3
STU2204,Female,77.3,8.6,48.8,64.3,61.1,5.16,Yes,Graduate,Yes,0.5,70.0
STU2205,Female,63.7,4.2,86.8,85.8,43.6,9.63,No,,Yes,0.3,66.0
STU2206,Female,71.0,4.2,87.9,78.5,66.2,5.74,No,Graduate,No,1.4,59.9
STU2207,Female,65.8,4.4,74.8,49.1,55.1,6.79,Yes,Postgraduate,Yes,0.8,62.4
STU2208,Male,88.4,6.9,92.4,82.4,38.6,5.18,Yes,High School,No,2.9,65.4
STU2209,Female,86.8,4.9,85.8,61.3,90.3,4.98,Yes,Postgraduate,Yes,1.9,56.1
STU2210,Female,57.4,0.6,,52.3,58.5,5.58,No,,Yes,0.8,48.5
STU2211,Female,73.2,6.0,56.3,67.8,43.1,5.44,Yes,Graduate,No,1.2,58.2
STU2212,Male,67.6,2.9,96.0,62.2,78.6,6.22,No,Graduate,Yes,1.6,65.0
STU2213,Female,,3.7,78.0,86.5,55.8,5.43,No,High School,Yes,1.4,60.7
STU2214,Male,61.8,1.2,64.2,69.8,81.3,7.77,No,Graduate,Yes,1.8,56.5
STU2215,Male,97.3,4.4,60.0,67.9,55.7,5.7,Yes,High School,Yes,1.6,66.9
STU2216,Female,77.6,2.3,73.9,77.6,58.4,5.55,No,Graduate,Yes,0.1,57.8
STU2217,Female,64.1,3.7,44.9,80.3,70.8,6.25,No,Graduate,Yes,0.0,49.9
STU2218,Female,,3.0,80.5,76.0,74.3,8.19,No,Postgraduate,Yes,1.1,70.7
STU2219,Male,68.4,7.0,55.7,84.9,76.8,7.1,Yes,High School,No,2.1,64.8
STU2220,Female,62.7,7.1,75.6,73.5,64.7,6.66,No,Postgraduate,Yes,1.1,70.1
STU2221,Female,79.1,3.6,62.2,67.3,73.4,4.79,No,High School,Yes,2.7,51.7
STU2222,Female,63.3,3.6,66.0,82.3,76.4,5.2,No,Graduate,Yes,1.5,57.6
STU2223,Female,51.8,2.8,58.6,63.7,68.8,5.01,No,Graduate,Yes,2.9,52.3
STU2224,Male,73.4,5.5,67.6,65.5,64.0,8.63,No,High School,Yes,2.7,66.3
STU2225,Female,56.4,2.9,98.3,89.1,45.8,7.54,No,High School,Yes,2.6,56.3
STU2226,Male,69.0,2.7,90.8,87.7,74.4,5.59,No,Graduate,No,0.3,50.3
STU2227,Female,67.1,5.3,75.3,64.9,66.6,6.01,No,High School,Yes,1.5,67.9
STU2228,Male,67.5,2.5,69.6,58.7,60.2,5.64,No,Graduate,Yes,2.7,55.0
STU2229,Male,100.0,3.4,82.7,85.5,83.9,5.56,Yes,Postgraduate,Yes,1.8,74.8
STU2230,Female,78.7,0.7,86.9,76.2,46.0,7.44,Yes,Graduate,No,2.1,61.9
STU2231,Female,80.9,4.8,57.6,69.4,89.0,6.4,No,High School,Yes,0.1,67.5
STU2232,Female,56.7,7.0,68.8,60.5,65.7,9.71,No,High School,Yes,3.4,66.0
STU2233,Female,70.2,4.8,,69.6,70.4,8.55,Yes,,No,0.7,63.3
STU2234,Female,80.6,6.1,86.8,64.7,60.5,8.63,Yes,Graduate,Yes,0.0,77.6
STU2235,Male,65.7,2.0,100.0,55.7,42.7,7.74,No,Graduate,Yes,1.1,58.6
STU2236,Male,88.9,3.9,71.2,66.8,64.0,6.21,No,High School,Yes,0.0,71.7
STU2237,Male,63.6,1.8,38.1,68.7,70.7,7.64,Yes,High School,Yes,0.4,47.3
STU2238,Male,74.6,3.1,79.1,59.7,75.5,6.31,Yes,Graduate,No,4.1,52.1
STU2239,Male,71.0,4.9,56.4,77.7,63.2,9.08,No,Graduate,Yes,1.1,70.3
STU2240,Female,80.0,3.7,60.0,83.0,35.3,7.37,Yes,Graduate,Yes,0.1,56.7
STU2241,Female,70.3,1.0,79.4,78.6,44.4,7.17,No,Postgraduate,Yes,1.5,65.7
STU2242,Female,74.7,1.1,73.8,61.1,94.7,6.98,No,High School,No,0.6,65.0
STU2243,Male,75.2,1.0,62.7,75.6,50.7,9.24,No,Graduate,No,2.4,65.4
STU2244,Female,69.2,4.4,60.3,66.1,86.0,4.79,No,Postgraduate,Yes,0.6,62.2
STU2245,Female,83.8,7.2,71.9,47.7,52.9,9.37,Yes,Graduate,Yes,1.8,66.1
STU2246,Female,80.9,6.0,63.9,74.4,63.4,6.54,Yes,Postgraduate,Yes,0.4,58.0
STU2247,Male,76.9,0.1,,67.0,74.8,4.83,Yes,Postgraduate,No,4.1,56.0
STU2248,Male,72.8,6.1,65.0,100.0,54.5,5.75,Yes,Graduate,Yes,2.0,57.8
STU2249,Female,87.6,5.2,,85.4,88.3,4.49,No,Graduate,Yes,1.4,74.4
STU2250,Male,75.2,0.7,67.3,75.0,67.1,7.72,Yes,Graduate,No,1.2,60.4
STU2251,Male,74.3,3.0,48.8,68.5,72.5,5.35,No,Graduate,No,0.9,53.4
STU2252,Male,79.3,5.5,84.8,67.3,62.3,7.04,Yes,Graduate,Yes,0.7,69.0
STU2253,Female,98.4,4.5,28.9,50.9,75.2,8.39,Yes,Graduate,No,0.7,64.8
STU2254,Female,61.9,1.1,63.3,40.7,88.1,5.86,Yes,Postgraduate,Yes,3.2,50.3
STU2255,Male,87.2,4.6,60.7,52.8,64.2,6.42,No,High School,Yes,0.9,67.7
STU2256,Male,55.3,0.0,72.2,64.3,90.2,4.98,No,High School,No,0.0,55.2
STU2257,Female,,3.1,78.4,35.5,57.4,6.26,No,Graduate,Yes,0.3,57.5
STU2258,Female,96.9,5.5,86.9,57.4,76.7,10.0,Yes,High School,Yes,2.4,74.7
STU2259,Female,83.9,3.5,59.3,61.5,72.8,7.89,No,Graduate,Yes,1.2,69.5
STU2260,Male,80.0,2.6,78.8,62.0,51.0,6.43,No,High School,Yes,1.4,49.6
STU2261,Female,71.3,5.1,72.9,55.7,69.0,5.94,Yes,Graduate,Yes,2.7,62.5
STU2262,Male,78.4,5.3,44.3,60.2,66.1,6.74,Yes,Graduate,Yes,0.7,63.4
STU2263,Female,75.0,5.9,98.5,89.1,54.1,6.98,Yes,High School,Yes,2.1,66.4
STU2264,Male,,5.1,48.4,74.3,71.0,6.21,Yes,High School,Yes,0.8,63.9
STU2265,Male,74.5,5.4,76.3,57.2,68.0,7.54,No,Graduate,No,2.1,63.8
STU2266,Male,80.4,4.8,75.8,64.0,65.0,5.47,Yes,Graduate,Yes,1.1,59.5
STU2267,Male,68.8,4.0,74.1,64.6,65.0,5.46,No,Graduate,Yes,1.3,62.3
STU2268,Female,68.3,3.7,62.6,54.2,64.7,7.32,No,High School,Yes,2.3,53.3
STU2269,Male,61.7,3.1,82.4,54.2,60.9,5.16,Yes,High School,Yes,2.2,57.7
STU2270,Male,82.7,1.3,46.6,79.1,68.0,7.82,No,High School,Yes,1.3,50.7
STU2271,Male,84.5,24.89771455720175,69.0,59.1,57.0,6.78,Yes,High School,No,1.0,57.7
STU2272,Female,80.8,3.0,61.5,49.7,100.0,4.24,No,Postgraduate,No,3.1,55.9
STU2273,Female,89.6,3.9,59.8,64.4,46.3,6.95,Yes,High School,Yes,2.1,58.6
STU2274,Female,79.1,6.1,76.4,66.7,57.8,4.44,Yes,High School,No,1.1,61.6
STU2275,Female,82.7,3.4,86.2,37.4,58.9,7.77,Yes,Postgraduate,Yes,0.8,61.7
STU2276,Female,81.6,5.3,64.9,64.4,94.6,6.45,No,Graduate,Yes,2.5,71.7
STU2277,Female,76.9,5.4,81.7,77.2,47.5,9.39,No,Graduate,Yes,1.6,72.5
STU2278,Male,71.6,3.1,70.7,71.3,72.0,8.3,No,Graduate,Yes,1.3,65.8
STU2279,Female,100.0,4.6,56.6,96.2,69.5,5.32,Yes,Postgraduate,No,1.6,66.9
STU2280,Female,72.6,3.1,66.1,82.5,70.7,3.97,No,High School,Yes,1.8,54.0
STU2281,Female,70.0,5.9,65.5,85.3,83.3,5.74,Yes,High School,Yes,1.4,64.0
STU2282,Male,83.2,4.6,59.6,100.0,83.0,5.09,No,Postgraduate,Yes,2.7,66.8
STU2283,Female,81.0,1.4,76.4,75.6,59.7,9.36,No,Postgraduate,Yes,2.8,64.0
STU2284,Male,61.1,3.8,73.5,67.3,68.7,6.79,No,Postgraduate,Yes,2.0,64.3
STU2285,Male,91.5,6.5,46.1,78.6,39.9,8.11,No,Graduate,No,2.9,65.7
STU2286,Female,76.9,3.2,45.2,57.2,67.4,6.4,No,Postgraduate,Yes,1.5,57.4
STU2287,Male,64.7,4.3,76.4,66.5,54.9,6.55,No,Graduate,Yes,2.2,52.9
STU2288,Male,92.3,4.5,57.8,55.9,63.4,6.75,Yes,Graduate,Yes,2.5,67.0
STU2289,Female,85.5,1.6,74.5,70.6,42.4,8.35,No,Postgraduate,Yes,2.5,58.7
STU2290,Male,62.8,4.4,81.7,55.9,71.7,7.24,Yes,High School,Yes,2.4,57.0
STU2291,Female,99.3,1.0,50.9,55.4,42.2,5.32,No,High School,No,2.1,58.1
STU2292,Male,85.9,2.4,48.8,70.8,68.1,9.07,No,Graduate,Yes,3.5,66.7
STU2293,Male,77.9,5.4,95.1,63.1,48.8,6.39,No,Postgraduate,Yes,1.0,69.1
STU2294,Female,97.1,4.1,75.3,38.0,54.1,6.16,No,High School,Yes,1.3,63.2
STU2295,Female,79.9,3.0,63.7,44.6,82.2,2.84,Yes,Postgraduate,Yes,1.3,51.4
STU2296,Male,77.7,4.3,56.0,48.9,74.2,7.69,No,Graduate,Yes,1.1,60.2
STU2297,Female,70.1,3.4,62.3,52.6,82.1,6.94,Yes,Graduate,Yes,0.0,62.7
STU2298,Female,85.0,3.5,52.1,70.8,87.8,6.94,No,Graduate,Yes,2.9,69.0
STU2299,Male,83.7,4.7,83.3,68.1,55.2,6.24,No,Postgraduate,Yes,0.5,63.9
STU2300,Female,78.2,2.2,58.3,79.9,87.0,5.99,No,High School,Yes,1.7,69.6
STU2301,Male,68.5,3.6,86.4,75.5,45.5,6.28,Yes,Graduate,Yes,0.1,58.6
STU2302,Female,79.6,2.9,64.0,80.0,76.4,7.45,Yes,High School,Yes,2.1,58.0
STU2303,Female,77.2,0.6,54.3,73.5,59.1,7.69,No,Postgraduate,No,0.7,47.2
STU2304,Female,62.0,1.8,63.6,67.9,53.0,6.48,Yes,Postgraduate,No,0.4,43.6
STU2305,Female,60.3,6.3,30.6,80.4,74.6,8.13,Yes,High School,Yes,1.7,60.6
STU2306,Male,84.8,4.2,68.2,77.9,79.2,6.69,Yes,High School,Yes,0.8,65.5
STU2307,Male,46.8,1.1,67.4,70.3,78.8,6.09,No,Graduate,Yes,0.9,54.4
STU2308,Male,80.5,0.7,82.4,82.8,69.0,7.08,Yes,Graduate,No,1.7,60.4
STU2309,Female,72.3,3.3,41.7,32.2,67.8,4.9,No,Postgraduate,Yes,2.3,52.4
STU2310,Female,93.7,6.3,87.4,60.9,73.4,7.13,No,Graduate,Yes,0.7,72.7
STU2311,Male,72.1,3.2,82.3,60.7,70.3,4.64,No,Graduate,Yes,0.5,57.1
STU2312,Female,85.9,5.9,88.8,81.1,73.6,5.36,Yes,Graduate,Yes,1.5,66.8
STU2313,Female,73.2,4.1,69.2,87.0,68.9,3.97,Yes,Graduate,Yes,2.0,65.1
STU2314,Female,79.4,4.3,85.2,44.7,77.8,6.55,Yes,High School,Yes,3.0,56.7
STU2315,Male,86.8,1.1,47.9,84.8,43.2,9.05,No,High School,No,0.4,60.1
STU2316,Female,72.4,5.2,80.7,48.6,64.2,6.64,No,Graduate,No,1.2,59.6
STU2317,Female,90.0,2.9,,49.0,46.6,7.7,Yes,Graduate,Yes,2.7,62.3
STU2318,Male,66.1,5.1,45.2,61.7,69.9,10.0,Yes,High School,Yes,3.5,64.2
STU2319,Male,81.5,2.0,53.1,60.5,89.0,7.37,Yes,Graduate,No,0.5,59.3
STU2320,Male,89.1,3.8,70.1,43.2,59.4,5.73,Yes,High School,No,0.8,56.0
STU2321,Male,85.9,4.1,57.6,74.1,67.8,5.92,No,Graduate,No,1.9,66.7
STU2322,Female,,3.2,75.6,74.5,76.6,6.8,Yes,High School,No,0.9,67.1
STU2323,Female,68.8,4.2,42.9,79.8,37.1,5.91,Yes,Graduate,Yes,0.7,62.4
STU2324,Female,61.5,3.0,38.1,58.9,58.7,6.02,Yes,High School,Yes,1.7,51.0
STU2325,Male,66.1,2.3,90.6,64.4,71.1,8.18,Yes,Graduate,Yes,3.0,63.0
STU2326,Female,85.9,6.4,,64.6,25.4,8.24,Yes,High School,Yes,0.2,66.7
STU2327,Male,84.0,5.4,54.3,88.6,52.3,4.49,No,Graduate,Yes,3.0,62.8
STU2328,Female,79.2,2.1,70.0,25.3,81.4,5.65,Yes,Postgraduate,Yes,0.9,51.6
STU2329,Male,64.5,4.5,85.3,51.6,80.0,6.15,Yes,High School,Yes,1.8,61.7
STU2330,Male,87.2,2.2,76.3,65.1,71.2,7.64,No,Graduate,Yes,3.1,64.2
STU2331,Female,63.3,1.4,72.2,49.8,78.4,8.4,No,Graduate,Yes,1.8,59.3
STU2332,Male,91.9,5.4,86.4,61.4,69.0,10.0,Yes,Graduate,Yes,1.2,77.1
STU2333,Female,100.0,0.4,59.0,63.2,73.8,6.15,No,Graduate,Yes,2.2,60.7
STU2334,Female,82.4,5.2,70.5,55.8,61.6,6.22,Yes,Graduate,Yes,1.3,62.7
STU2335,Female,85.0,3.0,69.7,65.9,67.6,7.62,No,Graduate,Yes,2.0,70.9
STU2336,Female,72.1,3.1,65.9,73.8,57.1,5.84,No,Postgraduate,Yes,1.3,59.0
STU2337,Male,56.3,4.2,64.2,61.7,83.7,6.6,No,Postgraduate,Yes,2.4,70.1
STU2338,Female,70.8,4.5,71.1,58.7,87.3,6.22,Yes,High School,Yes,0.1,62.5
STU2339,Male,,2.0,70.5,62.7,85.3,3.13,No,Graduate,No,0.5,54.0
STU2340,Female,60.6,4.8,54.3,64.9,60.3,6.97,Yes,,Yes,0.1,54.1
STU2341,Male,98.7,3.7,82.0,40.6,52.6,6.54,Yes,Graduate,Yes,1.4,68.8
STU2342,Male,81.3,1.2,55.4,71.5,83.9,8.58,No,High School,No,0.0,58.1
STU2343,Female,82.6,3.2,66.7,58.7,73.6,6.81,No,,Yes,0.8,63.5
STU2344,Male,74.3,6.0,65.6,82.7,70.6,5.04,No,Graduate,No,0.4,60.6
STU2345,Female,75.9,6.5,75.4,73.3,57.1,6.44,No,Postgraduate,Yes,3.0,67.8
STU2346,Female,89.6,4.8,38.2,81.4,72.0,3.87,No,High School,Yes,0.5,57.6
STU2347,Female,77.6,1.4,83.4,50.8,50.8,5.1,No,Graduate,Yes,0.2,49.3
STU2348,Female,84.4,4.4,59.8,59.8,74.9,7.69,No,Graduate,Yes,1.7,63.7
STU2349,Female,75.6,5.0,88.3,47.6,85.3,6.45,No,Postgraduate,No,3.2,70.7
STU2350,Male,73.9,4.8,62.8,55.1,88.8,8.09,No,Graduate,Yes,1.4,67.7
STU2351,Male,61.1,4.9,69.3,82.5,75.9,4.05,No,High School,Yes,1.5,52.2
STU2352,Male,54.3,4.2,98.7,85.8,46.7,6.46,No,High School,Yes,2.8,65.7
STU2353,Female,74.9,3.4,65.8,48.9,68.8,6.13,No,Graduate,No,2.4,51.6
STU2354,Male,78.7,2.4,88.6,58.6,96.0,8.14,No,High School,Yes,1.9,70.8
STU2355,Male,62.6,0.1,70.6,63.9,53.8,7.74,Yes,Postgraduate,Yes,0.9,55.3
STU2356,Male,77.6,4.1,76.2,73.2,65.2,7.7,No,Postgraduate,No,2.0,66.9
STU2357,Male,78.6,3.8,71.0,40.4,85.8,8.96,Yes,Postgraduate,Yes,0.1,74.0
STU2358,Male,52.1,4.5,82.7,42.6,74.6,6.28,Yes,High School,Yes,0.9,53.0
STU2359,Male,67.0,1.1,59.7,71.9,100.0,8.67,No,Graduate,Yes,2.9,64.9
STU2360,Male,82.9,4.7,55.2,37.7,55.7,5.34,No,Graduate,Yes,2.8,60.6
STU2361,Male,82.6,7.2,60.4,58.7,52.1,5.29,No,High School,No,1.9,57.4
STU2362,Male,64.2,3.6,71.5,67.3,83.1,7.85,Yes,High School,Yes,0.0,59.9
STU2363,Male,79.9,3.4,66.7,70.8,49.3,4.69,Yes,High School,No,0.3,53.0
STU2364,Female,90.3,4.1,80.7,63.0,63.2,7.6,Yes,Graduate,Yes,0.8,68.6
STU2365,Male,87.3,7.2,89.6,59.9,65.1,6.94,Yes,Postgraduate,Yes,1.3,65.1
STU2366,Male,76.9,1.7,55.4,76.8,80.5,8.3,Yes,Postgraduate,Yes,0.2,64.6
STU2367,Male,72.4,3.9,59.0,69.0,74.6,6.72,No,High School,Yes,1.3,54.4
STU2368,Female,70.4,2.1,48.5,55.9,72.4,6.88,Yes,Graduate,Yes,3.3,60.1
STU2369,Female,83.6,2.5,100.0,65.5,60.4,7.51,Yes,High School,Yes,1.9,67.9
STU2370,Female,80.3,3.4,74.6,70.4,83.0,5.87,Yes,High School,Yes,1.7,71.6
STU2371,Male,85.6,5.9,77.2,89.1,100.0,5.81,No,High School,No,0.5,74.3
STU2372,Male,79.6,6.7,49.9,76.0,75.7,7.46,No,Graduate,Yes,0.0,66.6
STU2373,Male,87.8,4.3,70.0,82.0,67.4,6.76,Yes,Graduate,Yes,0.3,63.2
STU2374,Female,79.1,2.8,77.6,56.5,47.8,6.23,Yes,Postgraduate,Yes,0.0,58.3
STU2375,Female,87.4,8.0,66.2,57.7,57.1,6.68,No,Postgraduate,Yes,1.6,67.8
STU2376,Female,88.4,2.7,86.1,61.7,63.0,9.03,Yes,High School,Yes,1.9,73.2
STU2377,Female,68.3,2.5,100.0,63.0,58.5,6.18,No,Graduate,No,0.5,53.7
STU2378,Female,56.3,0.3,55.8,50.9,65.8,6.14,No,High School,Yes,1.6,55.7
STU2379,Female,96.5,6.0,54.7,82.7,90.9,4.41,No,Graduate,Yes,3.0,73.3
STU2380,Female,81.1,5.2,56.8,77.4,83.5,6.74,No,Graduate,Yes,3.5,65.6
STU2381,Male,57.4,7.9,94.1,60.7,63.8,7.72,No,High School,Yes,2.3,76.3
STU2382,Male,69.4,1.0,,74.0,49.1,7.97,No,High School,Yes,1.3,55.4
STU2383,Female,87.3,6.1,68.0,68.1,84.7,6.95,Yes,High School,Yes,2.2,71.0
STU2384,Male,74.6,3.6,70.5,75.1,65.3,8.14,Yes,High School,Yes,2.9,58.9
STU2385,Male,71.9,5.0,57.8,46.2,41.8,7.82,Yes,Postgraduate,Yes,0.0,65.9
STU2386,Female,94.8,0.5,83.4,63.0,76.0,8.36,No,High School,No,3.0,56.9
STU2387,Male,65.4,6.1,64.3,64.2,80.4,8.18,No,Graduate,Yes,1.0,60.1
STU2388,Female,68.4,4.9,66.1,73.7,32.0,9.0,Yes,Postgraduate,Yes,1.0,59.5
STU2389,Female,80.5,3.4,79.1,56.2,54.5,6.56,No,Graduate,Yes,1.1,66.0
STU2390,Male,,4.7,67.2,30.0,64.5,4.94,Yes,Graduate,Yes,1.8,60.1
STU2391,Female,84.0,2.1,66.5,49.9,76.3,7.73,Yes,Postgraduate,Yes,0.4,61.6
STU2392,Female,88.9,2.5,70.2,64.1,58.8,7.89,Yes,High School,Yes,1.2,67.6
STU2393,Female,80.4,2.7,81.9,65.9,54.4,9.0,No,High School,Yes,2.0,64.5
STU2394,Male,83.9,0.2,94.7,88.6,76.2,8.59,No,Graduate,Yes,1.7,69.7
STU2395,Female,74.9,5.1,78.8,73.2,59.4,9.52,No,Graduate,Yes,1.9,77.1
STU2396,Female,78.8,5.6,82.0,66.1,73.6,7.67,Yes,Postgraduate,No,1.2,66.7
STU2397,Female,79.3,2.2,67.0,64.5,50.4,7.12,No,High School,No,2.2,53.0
STU2398,Male,80.6,4.1,59.4,80.5,47.1,4.86,No,Graduate,No,2.6,57.9
STU2399,Male,87.3,3.0,79.8,56.7,76.6,7.23,Yes,Graduate,Yes,2.5,68.2
STU2400,Female,84.7,4.1,72.6,63.0,69.5,6.03,No,Postgraduate,Yes,1.9,63.2
STU2401,Male,,2.4,48.7,49.8,78.9,7.1,Yes,High School,Yes,2.4,61.5
STU2402,Male,68.3,1.9,65.1,84.9,58.5,6.88,Yes,High School,Yes,2.4,56.8
STU2403,Male,78.8,5.4,68.8,70.5,54.9,7.46,No,Postgraduate,No,4.2,64.1
STU2404,Male,77.7,3.4,62.3,55.1,85.1,6.66,Yes,Graduate,Yes,2.7,62.5
STU2405,Male,80.3,7.1,92.2,63.4,44.7,8.11,No,High School,Yes,1.4,71.8
STU2406,Male,100.0,3.6,77.2,72.1,83.5,2.99,No,High School,No,0.6,68.2
STU2407,Female,71.7,1.8,90.6,61.5,84.5,7.07,Yes,Postgraduate,Yes,1.2,64.0
STU2408,Male,83.1,5.7,74.0,57.5,78.0,8.48,Yes,Graduate,Yes,1.2,68.9
STU2409,Male,90.8,4.6,71.2,55.8,56.4,9.42,No,Graduate,Yes,2.0,71.2
STU2410,Male,79.2,4.8,56.0,69.7,54.6,7.82,No,Postgraduate,Yes,0.8,67.5
STU2411,Female,100.0,5.6,70.2,60.0,63.1,9.16,No,High School,No,2.7,75.0
STU2412,Male,73.5,2.3,70.2,58.6,47.9,7.04,Yes,High School,Yes,0.1,59.2
STU2413,Female,81.9,3.3,49.5,46.3,52.5,6.8,No,Graduate,Yes,0.0,48.6
STU2414,Female,68.4,3.2,61.9,66.1,75.0,7.54,No,Postgraduate,Yes,1.4,49.3
STU2415,Female,73.8,1.2,65.2,62.5,75.1,6.8,Yes,High School,No,0.7,61.0
STU2416,Female,81.0,3.0,76.2,60.5,51.3,5.7,No,Graduate,No,0.2,58.1
STU2417,Male,88.2,5.9,76.9,67.8,75.5,6.08,No,High School,No,0.9,66.8
STU2418,Female,81.8,3.9,61.3,75.5,72.4,5.24,No,High School,No,0.7,62.2
STU2419,Male,93.1,1.1,77.0,74.8,87.1,7.54,Yes,Postgraduate,Yes,1.5,75.1
STU2420,Female,76.9,0.7,67.3,72.7,74.0,6.82,No,High School,Yes,0.9,64.3
STU2421,Female,74.0,6.5,27.0,61.6,80.8,6.3,Yes,High School,No,1.0,62.8
STU2422,Female,100.0,3.3,62.7,57.1,72.7,6.01,No,Postgraduate,Yes,1.5,59.0
STU2423,Female,82.7,2.3,86.2,50.4,79.7,7.51,Yes,Graduate,Yes,2.5,60.5
STU2424,Male,69.4,3.0,44.8,56.7,48.0,7.89,Yes,Graduate,Yes,3.0,43.7
STU2425,Female,69.7,0.8,71.7,65.3,64.3,5.22,No,Postgraduate,Yes,1.6,55.1
STU2426,Female,66.7,6.1,93.8,54.0,65.5,5.0,Yes,High School,Yes,1.7,66.4
STU2427,Female,89.2,2.8,58.6,66.3,62.6,8.14,No,Graduate,No,1.3,67.1
STU2428,Male,73.6,6.0,70.0,51.5,72.2,4.87,Yes,Graduate,Yes,2.0,62.9
STU2429,Female,79.5,3.6,50.4,41.7,74.9,7.57,No,High School,Yes,1.9,58.3
STU2430,Male,77.2,6.1,94.4,76.5,71.5,9.06,Yes,Graduate,Yes,2.8,72.5
STU2431,Male,86.8,4.0,68.8,58.4,63.5,9.07,No,Graduate,Yes,0.0,63.3
STU2432,Male,67.8,5.0,70.7,53.3,55.7,7.83,No,Postgraduate,Yes,1.3,60.5
STU2433,Female,65.1,4.8,90.3,49.7,81.4,7.79,Yes,,Yes,1.8,61.0
STU2434,Male,80.7,4.6,79.9,70.9,70.9,9.95,Yes,Postgraduate,Yes,1.5,80.2
STU2435,Male,85.2,4.1,56.9,84.2,51.7,3.53,Yes,Graduate,Yes,0.6,50.6
STU2436,Male,82.0,3.1,60.3,59.4,63.3,6.15,No,High School,Yes,0.2,57.1
STU2437,Female,68.3,6.9,77.4,62.0,41.6,7.99,Yes,Postgraduate,Yes,2.3,56.3
STU2438,Male,86.1,1.9,60.6,80.0,66.5,6.33,Yes,Graduate,Yes,0.7,61.3
STU2439,Female,69.1,3.5,38.2,39.7,63.2,8.54,Yes,Graduate,Yes,0.0,55.2
STU2440,Female,71.7,3.5,69.2,92.5,58.0,6.74,No,,Yes,2.4,60.6
STU2441,Female,66.7,4.2,47.8,99.2,88.2,6.98,No,High School,Yes,2.0,60.1
STU2442,Female,93.6,2.7,94.2,27.1,49.8,6.42,No,High School,No,1.4,57.9
STU2443,Male,85.6,4.1,72.7,63.6,75.9,6.07,No,Graduate,Yes,0.6,61.4
STU2444,Male,85.3,3.2,56.4,54.9,96.6,6.03,No,Graduate,Yes,1.4,60.9
STU2445,Male,93.0,0.7,59.5,61.3,81.1,7.18,No,High School,Yes,2.7,69.2
STU2446,Female,100.0,3.5,41.7,59.1,65.6,5.72,No,Graduate,Yes,0.0,60.1
STU2447,Female,57.5,1.5,53.5,76.4,50.1,8.13,Yes,Postgraduate,Yes,0.0,56.0
STU2448,Female,69.1,0.4,85.2,63.4,46.9,7.71,No,Graduate,Yes,0.9,53.7
STU2449,Male,70.6,3.7,,52.2,60.2,8.34,No,High School,Yes,1.5,61.5
STU2450,Male,67.8,4.4,80.9,62.6,56.4,5.22,No,Graduate,Yes,1.0,57.5
STU2451,Male,65.1,4.4,68.6,72.2,55.9,4.42,Yes,Postgraduate,No,2.1,64.7
STU2452,Male,74.4,4.5,63.5,48.4,61.4,6.79,Yes,Postgraduate,Yes,2.6,57.6
STU2453,Male,63.4,0.0,55.7,42.0,64.6,10.0,No,High School,No,1.8,54.1
STU2454,Female,82.0,1.1,100.0,92.9,72.8,8.57,No,Postgraduate,No,2.1,64.5
STU2455,Male,78.6,7.1,67.2,56.0,48.7,6.02,No,Postgraduate,Yes,1.8,50.0
STU2456,Female,83.8,1.6,100.0,63.1,56.4,7.39,Yes,Graduate,Yes,1.5,59.7
STU2457,Male,84.1,4.6,90.9,59.4,63.8,7.82,No,Graduate,Yes,0.2,78.8
STU2458,Male,85.2,2.3,43.9,72.7,63.3,4.88,Yes,High School,Yes,0.5,56.9
STU2459,Female,73.5,3.6,60.0,89.8,91.7,8.72,Yes,Graduate,Yes,0.1,76.3
STU2460,Female,100.0,2.4,60.0,73.1,69.3,6.57,Yes,High School,Yes,1.4,62.0
STU2461,Male,80.8,4.5,68.8,43.7,43.4,6.67,No,High School,Yes,1.7,47.5
STU2462,Male,55.7,3.7,69.1,45.6,71.9,6.83,No,Postgraduate,Yes,0.1,50.5
STU2463,Male,66.0,2.7,100.0,59.4,73.6,8.4,No,High School,Yes,1.6,66.6
STU2464,Female,57.1,1.6,53.8,61.2,64.2,5.74,No,Postgraduate,Yes,0.6,50.1
STU2465,Male,78.2,4.0,73.4,40.9,49.0,4.41,No,Graduate,No,0.4,51.6
STU2466,Female,76.5,1.3,79.2,76.5,90.6,7.25,No,Postgraduate,Yes,0.9,61.5
STU2467,Male,72.4,4.3,70.0,49.8,51.0,3.94,No,High School,Yes,0.4,56.5
STU2468,Female,100.0,8.2,71.7,85.9,75.3,6.38,No,Graduate,Yes,2.1,74.3
STU2469,Male,84.6,5.9,54.3,90.5,68.8,8.46,No,Graduate,No,1.3,71.0
STU2470,Female,86.7,4.8,71.6,61.5,74.4,7.61,Yes,Postgraduate,Yes,2.3,68.5
STU2471,Female,66.8,3.3,77.7,71.1,89.9,8.26,No,High School,Yes,1.1,64.5
STU2472,Male,66.0,0.0,74.9,47.8,73.9,7.67,Yes,High School,No,1.1,49.0
STU2473,Male,78.4,1.1,78.6,73.7,58.2,10.0,Yes,Postgraduate,Yes,3.4,63.0
STU2474,Female,80.1,5.8,91.2,58.0,81.5,5.98,No,High School,Yes,0.0,76.1
STU2475,Male,55.7,2.1,84.1,49.8,57.2,7.36,No,Graduate,Yes,2.8,59.4
STU2476,Male,75.8,2.2,71.1,60.9,68.3,6.19,Yes,High School,Yes,3.2,62.1
STU2477,Male,78.2,3.2,52.4,58.5,47.9,8.14,Yes,High School,Yes,2.3,54.7
STU2478,Male,75.4,1.6,61.0,60.4,51.5,6.71,No,Graduate,Yes,1.2,47.7
STU2479,Male,68.2,1.3,66.7,78.3,66.7,9.21,Yes,Graduate,Yes,2.9,66.4
STU2480,Male,71.5,3.4,73.8,54.0,71.2,6.06,Yes,Graduate,Yes,1.2,62.2
STU2481,Male,75.9,1.9,62.8,89.3,42.2,8.77,No,Graduate,No,0.8,60.3
STU2482,Male,,2.2,56.0,46.4,73.0,7.63,No,Graduate,No,1.1,54.6
STU2483,Male,85.3,2.1,52.2,87.6,54.5,6.75,No,Postgraduate,Yes,0.9,52.9
STU2484,Male,,4.4,45.2,50.8,83.9,7.56,No,High School,Yes,0.6,68.0
STU2485,Female,74.5,3.1,66.5,65.0,61.1,7.17,Yes,Graduate,Yes,2.6,64.8
STU2486,Male,72.5,3.2,48.0,58.1,50.3,7.3,Yes,Graduate,Yes,0.7,52.0
STU2487,Male,83.3,4.6,55.0,60.2,67.1,6.51,No,Postgraduate,Yes,1.5,57.8
STU2488,Male,85.3,3.2,64.1,76.2,53.2,5.82,No,Graduate,Yes,0.1,65.1
STU2489,Female,72.8,3.0,50.0,86.0,83.8,6.33,Yes,Graduate,Yes,1.5,57.6
STU2490,Male,87.5,4.3,75.7,81.7,66.0,4.44,Yes,Graduate,Yes,0.3,70.8
STU2491,Male,89.8,4.7,81.1,59.3,63.9,7.98,Yes,Graduate,Yes,0.3,68.1
STU2492,Male,93.5,3.2,61.8,67.6,74.3,5.07,Yes,Postgraduate,Yes,1.4,59.2
STU2493,Male,99.3,3.6,63.4,54.1,51.9,6.5,Yes,Graduate,Yes,2.6,61.8
STU2494,Male,67.6,2.1,78.1,51.1,48.0,7.71,Yes,Graduate,Yes,1.9,54.2
STU2495,Male,78.2,2.0,59.3,49.0,71.7,7.98,No,High School,Yes,2.0,63.4
STU2496,Female,78.1,4.9,58.3,58.9,50.6,4.32,Yes,Graduate,Yes,1.4,58.6
STU2497,Female,76.8,4.3,87.9,68.5,50.6,6.67,No,High School,Yes,1.2,67.9
STU2498,Male,70.2,4.3,83.3,38.2,77.7,7.44,No,Postgraduate,Yes,2.3,63.1
STU2499,Female,60.2,4.0,,64.4,73.4,6.87,No,Graduate,Yes,0.9,58.6
STU1091,Female,71.1,4.0,65.4,50.5,59.5,6.97,No,Graduate,Yes,1.5,66.8
STU1075,Male,76.5,5.2,67.4,85.5,92.9,5.58,No,High School,Yes,1.4,70.7
STU2264,Male,,5.1,48.4,74.3,71.0,6.21,Yes,High School,Yes,0.8,63.9
STU1330,Female,63.1,0.5,83.3,75.1,73.3,7.09,No,,Yes,2.9,52.9
STU2349,Female,75.6,5.0,88.3,47.6,85.3,6.45,No,Postgraduate,No,3.2,70.7
STU1774,Female,73.8,2.6,74.9,51.5,50.8,6.81,No,High School,No,0.7,58.0
STU2038,Male,65.6,1.9,55.2,49.4,58.4,4.54,No,High School,Yes,0.4,46.2
STU2285,Male,91.5,6.5,46.1,78.6,39.9,8.11,No,Graduate,No,2.9,65.7
STU2165,Male,81.2,4.3,64.8,94.0,45.3,7.81,Yes,Graduate,No,1.9,66.8
STU1335,Female,95.7,2.8,75.6,67.3,40.7,5.35,No,Graduate,No,1.6,57.3
STU1685,Female,86.3,3.6,89.1,61.6,62.2,7.07,No,Graduate,Yes,0.7,66.4
STU1181,Male,79.2,5.3,79.9,75.2,85.0,8.42,No,High School,Yes,0.3,77.3
